text,label
"授業に課外活動に研究にバイト。 大学院生はやることが多くて忙しいのです。 文部科学省が2,531人の大学院生にアンケートをとった結果 50.9％の大学院生が8時間以上を授業や研究に費やしていることがわかりました。 一方で全国大学生協連の調査。 3,975名の大学院生のうち2,610名（65.7％）の大学院生がアルバイト（TA・RA含む）をしていたのです。 すなわち授業や研究に8時間以上費やし、かつアルバイトをしている大学院生が少なくとも14.9％存在します。 若いうちはムリがきく。 そうは言っても自分のキャパシティを超えてはダメ。 生産性や幸福度が著しく減少します。 過剰に働きすぎていませんか？ 時には自分のキャパシティを見直すのも忘れずに。大学院生とはいえまだ学生。 他人にいわれたらムカッとするけど。 自分で言う分にはオッケー（笑） だってまだまだ学ばなければならないことがたくさんあるんだもの。 文献の読み方 実験のやり方 実験データのまとめ方 器具の使い方や洗い方 器具の滅菌のやり方 研究発表のやり方 論文の書き方 ソフトウェアの使い方 時間配分の仕方 その他… ざっと挙げただけでもこれだけ学ばなければならないことがあります。 それなのに学部生の面倒まで見ろってか！？ もちろん学部生を指導することのメリットもたくさんあります。 教えることが自分の学びになるし かけがえのない友人になるかもしれません。 でも人には向き不向きがある。 自分に向いていないことをするほどつらいことはありませんね。 「とはいえ教授に言われたらやるしかない…」 安心してください。 学部生の指導がラクになる方法も本記事で取り扱っています。",理系
この記事では、僕の人生を変えたと言っても過言ではない「絶対オススメのアニメランキング」をご紹介したいと思います。迷いに迷った結果、かなり厳選されたので面白いランキングになっています！ランキングの番付は次のようなルールによって決めさせていただきました。個人的な好み、好き嫌いでランキングを作りますTV放送をしたものだけに限ります。アニメ映画ランキングはそのうち他でやります。ジャンルはごちゃ混ぜです。いやぁ、この作品と新海誠監督の『秒速5センチメートル』を高校生のときにみた僕は、本当にいい経験をさせてもらったな、と思います。人間が信じられなくなったり、それでも人を信じてみようと思ったり、自分がわからなくなったり、どこか冷めた自分がいる人にオススメ。このアニメを見たら、きっと日常が違った景色に見えると思いますよ。ランキングに迷った際は、「僕の人生を変えた」順になっています。ゆえに、順位は変動します。個人的な好みがもろに出てると思いますが、それもご愛嬌！それではどうぞ！,理系
ダイエット法に入る前に、なぜ浪人時代は体重が増えるのかについて簡単に説明したいと思います。と言っても、原因は2つしかありません。高校3年生の時に部活を引退して、そこから勉強して浪人を決めたという人も多いかと思いますが、そこから食事の量が変わったでしょうか？言われてみれば別に減ってないな…という人は要注意です。現役時代の時は、走り回ったり動き回ったりしていたのに浪人生活となると途端に活動量が落ちます。それなのに食べる量が変わらなかったら…ねぇ。ちなみにコレは運動部だとか文化部だとかは関係ありません。帰宅部だったとしても浪人時代は確実に運動量自体は減っているはずです。浪人時代は食べることが幸せだから浪人生はまさに勉強しかしないと言っても過言ではないほどに勉強をするので、浪人生の楽しみというのは「食べる」ことと「寝ること」くらいです。だから、食事の時はついつい「食べて」しまうのです。また、知らず識らずのうちに、食事でストレスを解消しようとして食べすぎてしまうケースもあります。それ自体は取り立てて問題視することでもないのですが、体重を気にする人にとっては無視できないことかもしれませんね。ここで紹介しているのとは逆に、「浪人時代に痩せた」という人もそこそこの比率でいます。ただ、どちらかというと「やつれた」という言い方が正しいのではないかという気がしています。,理系
本日は相場を考察するということで考察と呼べるほどのものではありませんが、自分の考えを書いてみたいと思います。自分は「相場で儲けるための法則」は存在するのではと考えています。もしかしたらすでにその法則を見つけている方が存在しているかもしれません。ただそういう方は当然その法則を公にすることはありませんよね？だから、その法則は公になることはないでしょう。自分は相場は世界における自然と同じで科学的に解析し法則を見つけ出す事ができるのではないかと思います。人間が自然法則を見つけ出しそれを応用し便利な世界を実現しているように、相場でもそれができるのではと考えるのであります（しかし、それが一般に公表されることはないでしょうけど）。相場の分析には大きく分けてテクニカル分析とファンダメンタルズ分析があります。しかし、どちらも完璧な株価予想は不可能です。しかし、自分は相場には、過去の株価のデータ（テクニカル分析で用いる）、企業の業績（ファンダメンタルズ分析で用いる）、そして人間の心理、この３つが絡み合った法則が存在すると信じております。以上、自分のようなへなちょこが生意気を言ってしまいまして、気分を害された方はすいませんでした。へなちょこの戯言と思って聞き流しちゃってください。,理系
"文系教科より圧倒的に得意だった人もいれば、数学だけはダメという人もいますよね。今の質問を数学のグラフ""風""に書いたものに、投稿主である私の立ち位置を示しておこうと思います。そうです。私は数学が「不得意だけど好き」でした！！結構少数派な気がします。右上（得意・好き）と左下（不得意・嫌い）が大半で、左上（得意・嫌い）と右下（不得意、好き）はレアですよね...微分積分の理論や証明、三角比・対数の考え方などは好きなのですが、計算とか応用問題が解けないのです。同じ症状の人はお友達になりましょう。数学の他に理科、社会も好きでした。（逆に言うと言語系は好きになれません😖）で、今回の記事は特に私と同じ右下さんに送る高校３年間の数学の道を紹介していきたいと思います。もちろん、ほかの方も読んでいただいても問題はありません！各単元概要と軽い公式集（記憶を呼び起こしてほしいため敢えて中途半端に書いてあります。３つある式のうちの１つだけとか。解説もほぼないです。）をつけておきます。初めて見る方（予習目的の方）は内容の雰囲気、概要を把握する、復習目的の方は公式や概要を見て、内容を思い出していただければ幸いです。※ちょっとした勉強法や考え方を載せている部分がありますが、私の考え方と合わない部分は無理に飲み込もうとしないで大丈夫です。こんな考え方もあるんだ～的なノリで読んでいただけると幸いです。また、2023年に大学生（2020年に高校生）になった人間が書いているため、最新の指導要領とは違うと思います。そして、専門家でも何でもない雑魚が説明しているという点だけお忘れなく（笑）加えて、何かミスを見つけたら「バカだなぁ」と思いながら、よろしければコメントで訂正をください。難易度は基本主観です。教科書例題レベル～入試で標準くらいまでの内容を評価しています。「定期テストだと簡単だけど東大で出ると難しい」みたいな単元はもしかしたら簡単な評価になっているかもしれません。重要度も完全主観です！！数学Ⅰ～Ⅲの中の相対評価です。こちらも五段階評価です。",理系
サドベリーバレースクールの仕組みについて詳しく分からないのでなんとも⾔えないけど、 何歳までこの学校にいれるのか分からないが、もしこのままいきなり社会にでていくのだ としたら確実に適応できないだろうな、と思った。ここを卒業して⼀般的な⼤学や専⾨学校 に進学するとしても、かなり苦労すると思う。私は社会を回している⼈間の多くは精神をす り減らし、理不尽に耐えながら働く⼈間だと思っているので、⾃分のやりたいことをやって ⾃由に育ってきた⼦供たちはいつか壁にぶつかってしまうのではないか、と思う。,理系
知るべきか知らずにいるべきか、知識があるだけあればいいのか、これはよく議論になることであるが、 私は知ることが出来ることは何でも知るべきだと考える。なぜなら、知ることから⾏う⾏動は⾃らの意 思に基づいたものだといえるが、知らないでやったことは⾃らの意思であると⾔い切れないからである。 「間違い探し」の話である。⽂科省によって消されたいくつかのイラストは⽂科省があるべきでないと 考えた⼦供たちの姿である。しかし、私は知識を適切なかたちで伝えて欲しいと思う。「戦争という⼿段 を知らなければ、戦争をする者はいない」という論と「戦争の悲惨さを知っていれば、戦争を起こす者 はいない」という論では私は後者を信じたいと思う。その悲惨さを真に知っていても戦争は起きるのか もしれないが。,理系
受講生名簿に基づき、学生基本メールアドレスに、BCCでお送りします。 シラバスには、開講開始日の前日、17時までにXIOの利用申込を行うように書いています。 今年度の場合、受講制限のため、既に受講予定者が確定していますので、可能ならば、10/5までに申込作業を終了していただくと、その後の作業が早くできるようになります。 9月中に申込作業を行なっている方もおり、ぜひ、早めに作業していただけないでしょうか。 何とぞ、よろしくお願いいたします。 妻がとうとう外反母趾の骨切り手術を受けた。 右足だが、痛み知らずの女なので、歩くのは平気だ。,文系
"古典的にはn次ユニタリー行列全体はn^2次ユークリッド空間の部分集合Uとみなすことができます。ただし,U上にはユニタリー行列同志の演算から導かれる演算が定義されている。このようなUはリー群と言われる概念の一種です。さらに, U上で積分論を展開することができます。この講義では、ユニタリー群の紹介とその特別な場合として１径数ユニタリー群とその無限次元版の話をします。",理系
「大学再受験？」 とかいう話を小耳に挟み 「それなら転学という手もあるのでは？」 と思った文系講師マゴメです ま、独り言ですけど 数年前の生徒で 大学3年への進級時に転学しています （上の写真は無関係です） 20倍程度の倍率をくぐって かなりなレベルの大学に移りました （偶然ながら知っているお母様の母校） さらにその2年後には もっと高い倍率をくぐり抜け 某マスコミ系の就職が決まりました 「倍率なんて関係ねーな」 と思わせる 奇跡の合格2連発をやっています しっかし・・・ 今思っても 気持ちが悪くなるくらい 勉強してましたね 私もかなり忙しかった記憶があります どちらも面接が絡んでいましたが 「もし私が試験官だったとしても 合格させるだろう」 というレベルにはなっていました これから受験活動に入るのであれば 健闘を祈ります,文系
実学的な響きを重んじる風潮あってか、私の出身大学の学部は、 いつのまにか「人文学部」から「人文社会科学部」へと名前を変えてしまいました。 卒業生としては、少し寂しいところです。 やはり、世間からの文系への風当たりは厳しいのでしょうか。 ひょっとして、文系というのは、何やらよく分からないことをやって毎日遊んでばかりいると 思われているのではないだろうか......。 さて、今回は、 『文系出身者がソフトウェア開発をすることについて、どう思っているか』 というテーマを頂きました。 この業界に入って1年と少しばかり、まったくもって狭い範囲の経験からですが、 私が思うところをお話ししようと思います。 試しに「文系 IT業界」という言葉を、インターネット上で検索してみると、 「文理不問、未経験者歓迎」ですとか、 「文系にこそおすすめしたい」ですとか、 いろいろなワードがヒットしますね。 私としては、ソフトウェア開発のお仕事をやる上で、「文系/理系」という区分での違いは あまり感じていないというのが正直なところです。 そもそも、学問の「文系/理系」という区分なんてものは非常に曖昧なものですからね！ しいて言えば、「情報系/その他の出身」というところで経験の差を感じることはありますが、 それ以外のところでは、特に大きな差はないんじゃないでしょうか。 思うに、IT業界でいうところの「文系」というのは 「情報系の分野をさして履修していない人」くらいの意味なのではないでしょうか。 それは、「情報系の分野をさして履修していない理系」とあまり変わらないんじゃないか、 と私は思っています。 もちろん、理系の人たちは、文系の人たちよりも情報系の分野を履修する確率は高いでしょうが、 それにしたって確率の問題です。 しかも、IT業界と一口に言っても、様々な「分野」というのがあり、 営業からAndroidアプリの開発もあれば、ネットワーク関係のお仕事をするところもあり、 デバッグに特化したところもあれば、弊社のように組み込みソフトウェアに強い会社もあるわけで......。 大学のころから量子コンピューター理論を専攻していて、将来はその分野に就きたい、 なんて思いながら、ひたすらそれに邁進してきたような人は別だと思うのですが（たまにそういう人もいる）、 「文系/理系」はたまた「情報系の出身ではない」というのは、今までに通ってきた分野が似ているか否か、 くらいのことなのではないでしょうか。 文系であっても、理系であっても、情報系であっても、 自分が専攻している分野と社会人になってからする仕事内容がかぶることはとても稀です。 というわけで、私は文系、理系の枠にとらわれず、 様々なジャンルのお仕事から自分の強みを探してみるのが良いのではないかなあと思っています。 例えば、今時、 「パソコンなんて持ってない、タブレットしか触ったことしかない」 なんて人もいるものですから、パソコンの基本的な操作ができるというだけでも、 この業界に「向いている」確率は高くなるでしょう。 なんたって2018年現在、IT業界では、たいていの場合パソコンを操作しますからね！ なんとまあくだらない話ですが、文系だから有利であるとか、文系だから不利であるとかそういうことよりも、 こういう事柄の方が因果関係がはっきりしているんじゃないでしょうか。 ともあれ、今時、あなたが文系であることは、IT業界を希望するうえで、 大きなハンデにはならないと思います。 詩的なコードを書きなぐったり、デバッガを説得しようとしない限りは。,文系
先月から、ぼちぼち次の論文の準備を始めています。 書き方は人それぞれですが、私は書く前に関連分野の論文をいくつか読みます。 それから問いを立てて、議論と考察をある程度考えて そこからやっと資料集めです。 資料は、議論に必要な理論系の資料と、データ系の資料、自分で収集した一次資料（生データ）の3種類です。 読んだことのないものを書くことはできないから、ひたすら勉強です。 こう書くととても簡潔に効率よくできてるように見えますが 実際に文章が仕上がるまでは本当に、七転八倒します。 時々、文章が書けなくなったら、小説や新聞など別ジャンルの文章を読んでみて、勉強します。 私の場合、学術論文は1〜2年に一本が精一杯です。 一本の発表につき、ボツ原稿が何本も出ます。 時々、草案を学会で口頭発表してみたり。 去年は短いレポートと合わせて二本も書いてしまったので、死にそうでした。 でも一本も書けなかったときはそれこそ本当に死にたくなるので、書くしかない。 計画段階で書いてることを人に言うのはあまり得意ではないですが、今年も一本、頑張って書きたいと思います。 今年は、何年も挫折してきた、長いライフ・ヒストリーが書けたらいいなあと思っています。 一本に収まらないかも・・・。 偉そうに言いながら、今はまだ読んでる段階です。 いろいろな論文を読みながら、メモして、考えて、またメモして。 忘れた理論の勉強もやり直して。 論文書くときの常で、絶賛昼夜逆転中です（笑） 夜が明けるので、そろそろ寝ましょう・・・。,文系
本稿は、大学の上級日本語教育における小説利用の意義について論じ、小説を使用した実際の授業と学習者の反応を紹介するものである。論説文のように語句や表現の理解が文意の理解に直結する場合と異なり、文意の把握に解釈が必要な場合は、日本語学習者には正確な理解が容易でない事態が少なからずある。また、実社会では普通に使われているものの日本語学習用教科書ではあまり扱われない語句や表現が多々あり、学習者もその隔たりを感じている。小説は一般にそのような日本語を多く含んでおり、読解学習を有効に補完する教材のひとつであると言える。さらに、感覚的、抽象的な小説の解釈を学習者自身のことばで表現し説明することは難度の高い作業であり、論理的、具象的な文章の説明とは異なる口述能力が求められる。このように、日本語教育における小説利用は、日本語学習の間隙を埋め、学習者の日本語理解を深化させることが期待できる。,文系
近年，数理やデータサイエンスなどが一層必要視されている．日本政府も「AI戦略2019［文部科学省］」を始めとする施策を打ち出し，文系，理系を問わず，全ての大学・短大・高専で「数理・データサイエンス・AI」に関する能力習得を求めている．発表者はこれまで，数理工学，統計学といった科目を担当してきた．毎年の受講生の傾向から，数理的関心の向上を授業でどのように組み込むか，数学的知識の学びなおしと授業との並行型学習が鍵になると感じている．本稿は，数理的関心の向上に向ける筆者の取り組みについて報告する．,理系
先日の微積中間テストで思ったように点が取れてなくて悔しかったので、微積とか線形代数をやる自主ゼミを始めようかなって思ってます！ 参加したいという人がいたら何かしらリアクションをお願いします！ もうちょっと詳しく聞きたい場合はSNS上でもリアルでも聞いてもらえると助かります！ぼちぼち春休みが近づいてきましたが、1年でやった数学の総復習をやる短期のゼミをやろうかなと考えてます！,理系
"こんにちは〜〜〜 是非是非是非お願いしますという感じなんですが、3/25-26,そふぉもんカップでませんか？？？🥺オンラインでも対面(九大センター一号館)でもいいので…！一旦今スパムかのようにQU一年に声かけしているので、人数確保を待ってもらえると…！個人的に出たい人(２年以下、ひなゆうなはjointで出場予定)がいればinsentiviseしてみてください！笑どっちも中小インステでチーミング出来なくて大会参加頻繁に断念してるタイプの子達🤔 やからつよつよ！！！！って感じでは無いかもしれないですが、たいがくんとか特にだいぶ上手くなった気がします🤔",文系
13枚目、”5W1H”だけだと次の行との関係が少しわかりづらかったかな。（5W1Hを考えた上でcapacityとincentiveに注目する、で合ってる？）何か補足して関係がわかるようにするといいかも！ ② 黒い文字だけのページは、他のページみたく、大事な言葉の色を変えたりするとさらにいいかも！ ③ (たぶんすごくどうでもいいけど..)14枚目の例のcapacityに「喫煙プログラム的な支援を受けれる」も加えたい（”中毒になる”もgovのアーギュメントのひとつだから笑）すごくわかりやすく整理されてると思う！以下3つ気づいたことなので、参考になれば！,理系
しきらん笑あと、帰る準備でもうちょい時間かかるーみんなで待っときなさって僕はどこに行ったんだ？笑あ、なるほどあれはアメリカだったかどこにもいってないのに、行ってくるわって言うてるから笑,文系
私が受験を意識しはじめたのは高２の３学期ごろです。ここで私は先生に勧められ初めて志望校の過去問を解き、自分の学力が不足しているのだと痛感しました。しかし、それによって私は勉強をしなければいけないと危機を感じるとともにどのような勉強が必要かを明確にすることができました。そのため皆さんも解けなくてもよいので、志望校の過去問には一度早めに挑戦することをお勧めします。 ここからは、私が受験勉強中に意識していたことを書いていきたと思います。 勉強面では高３の夏ごろから共通テストの過去問を解く時間を多くとりました。家では過去問を解き、学校や通学などの空き時間にその復習や単語帳や教科書を使った知識の詰め込みを行いました。ここで大切にしてほしいことは時間を計って問題を解くということです。決められた時間の中で問題を解くことに慣れることで、本番での緊張を軽減することができると思います。また二次試験と共通テストの勉強時間の配分についてですが、どちらも基礎は同じです。私は共通テストまではその過去問や対策問題ばかり解き、二次試験までの一か月で受験校の過去問を数10十年分、日本史を７年分、国英を５年分と、とにかく解きまくり傾向をつかみました。私の受験校は二次試験のほうの比率が大きかったのですが、合格することができたのでやはりどちらかをしっかり解けるようになれば、必然的にもう一方を解く力も身につくと思います。 勉強以外にも、例えば夜はしっかり寝るということも大切です。不安な気持ちはわかりますが、受験は長期戦ですので自分の体調を気遣うことも重要です。実際に私は０時を超えて勉強することはありませんでしたし、むしろテスト前日はいつもより早く寝ていました。寝ることによって頭の中が整理され、その日にやった内容が定着しやすくなるというメリットもあるからです。 長い受験勉強の中で、つらいときや苦しいときもあると思います。そんなときは勉強から離れて趣味を楽しんだり、友達と話すことで気を紛らわせたりしてください。たった１年間頑張れば、その頑張りはこれから一生皆さんが誇れるものとなります。また努力した結果というのはすぐについてくるものではありません。高２の３学期の時点で良くてC判定だった私が、少しずつ勉強を始めBに変わったのは高三の秋ごろでした。だから皆さんもすぐに結果が出なくても、自信を持って粘り強くやってください。皆さんが夢を叶えることができるように陰ながら応援しています。,文系
多くの動物は危害をもたらすが、我々はこれまでこの惑星上に生息した中で、最も致死的な種である。…我々は、ホモ・ペルニシオサス（Homo perniciosus）、すなわち危険で破滅的なヒトであるという広範な証拠が存在している。,理系
僕が研究しているタンパク質、光が当たると色が変わるんですよ。格好良くないですか！？若い頃は教育、アウトリーチに全く興味がなく、自分の研究が進めば良いと思っていたけれど、ある時から、自分自身や自分のラボ出身者によって開拓できる研究領域の僅少さに思い至り、教育の早い段階において貢献できることの意義を感じるようになったんですよね。その意味でも、他の大学での講義やセミナーなども積極的に行っていく所存なので、気軽にお声がけくださいね！シアノバクテリオクロムも、最初のうちは日本、アメリカ、ドイツの研究者がメインだったが、最近は色々な国の研究者が参画していて、そういう状況でunpublishedなネタをパシャパシャ撮られちゃうのは確かに嫌だよね。。。基本、国際会議に出すネタは、unpublishedの場合、早めに投稿すること前提だが。新規参画者の出す論文の中には、適切に先行研究を理解しないで研究デザインがなされて、そういうのが適切な査読を経ずに出版される、みたいな状況も散見されるんだよなぁ,理系
需要がありそうなのでツイートしますが、南山大学のPC教室はS棟の1、2階、R棟の3階にあります。また、ネットワークプリンタはQ、F、L、R、S棟、第二研究棟のラーニングコモンズの前にあります。対面授業の本格的な再開にあたり、利用する機会が増えると思います。場所を覚えておくとよいでしょう。首都圏就職は体感で15~20%くらいですかね。女性はもうちょっと少ないかも。やはり東海３県が多いです。Uターンもそこそこいます。本社が東海地方ある企業でも、配属によっては東京勤務になる企業もあります。中の人の南山大生生活が間も無く終えようとしています。今後は現役生ではなくOBになりますね。コロナがあったとはいえ、素晴らしい大学生活でした。ただ、何かやり残したのではないかとも感じています。卒業した私の心境です。「やりたいことをやる」後輩の皆さまにはこれだけは伝えたい。,文系
奴隷状態を存続せしめた責任を軍や警察や官僚にのみ負担させて、彼らの跳梁を許した自分たちの罪を真剣に反省しなかつたならば、日本の国民というものは永久に救われるときはないであろう「だまされていた」という一語の持つ便利な効果におぼれて、一切の責任から解放された気でいる多くの人々の安易きわまる態度を見るとき、私は日本国民の将来に対して暗澹たる不安を感ぜざるを得ない。 「だまされていた」といつて平気でいられる国民なら、おそらく今後も何度でもだまされるだろう。「いや、現在でもすでに別のうそによつてだまされ始めているにちがいないのである」 伊丹万作は正しかった 75年経っても日本はこうなっています,文系
昨日は一日中アイク＆ティナ・ターナーの50〜60年代の録音聴いてたけど、ブルース進行だけどシャッフルじゃないスクエアな8ビートって曲が実に多い。当時のそういうスタイルがブラックミュージックの枠を越えた「ロックンロール」の感覚なんやろな他人の言葉を引いてその上で自身がどのように考えているかを表明することには大きな意義があるが、借り物の言葉やネットミームのようなしょうもない定型句で何かを言った気になるというのは隷属に他ならず、そういうことをしている人間を信用することはできない それってあなたの感想ですよね そうだよ,文系
いや、アカデミズムも査読だの学振だのあってお前なんてそにお「審査」「腑分け」を散々やっているではないかといわれるかもしれないが、荒れ本当に「個性的」なひとはわかりますよ、「偏差値的に高い」ではないのです、「個性的」なのです。それはもっと粗雑に「情熱のもちよう」といいかえてもよい。これは自分も含めていうのだが、アカデミックになりそれなりになる人間はいわば中高入試や大学入試の勝ち組であることが多い（もちろんまれにそうでないが結果大変な優秀な学者になるケースもそれなりにいる。もちろん）、このケースでは若さは処理できている。しかし中年はこのモデルではこなせない。アカデミックで評価されるのなんて本の上澄みで、それでも音楽や小説や芸能などに比べれば「たんなる教員」として生きる道もあるのでまだいいが、単純に構造の問題として中年以降、多くの「成功した若年期」の記憶のある人間であればあるほどモデル設定ができなくなる。いい論文を書くのは受験や偏差値競走に勝つこととはまるで違うのである、新しい思考をつくることは「大学入試の勝ち組」とはまるで違うスキルが絶対に必要なのである(何事にも学問的基礎力があった方がいい、は確か）｡中年になって、それなりに「若い時の勝ち組」で、アカデミズムでこの流儀がとれないと本当に厳しいしそこを偏差値競走のようにとらえるとまったく道を踏み間違えるとおもう。アカデミック成功組になるのは(とくに文系の場合）「個性的になる」、敢えて粗雑な言葉を使えば「「自分しかできない(他者と比較されないことをやる）」のであり、それまで偏差値の高さを競ってきた勝ち組はここで「惑う」。違うんだよね。馬は脚が折れたら殺され、ジョッキーは馬から落ちれば後続の馬に踏みつけられかねず（よけようにも59キロ以上のスピードで500キロの物体が押し寄せてくる）最悪の場合死ぬ。競馬とはそもそもそういうものだ。それを柵のこっちからみているわれわれは何かとおもうし、ある意味で「賭ける」ということは,文系
欲望できるようになることが大人になることなのだとすれば、そのプロセスは絶えざる否定性と自己との対話的プロセス（ヘーゲル哲学に言う弁証法？）に他ならない。敗北・退却・疲労・負傷に加え、汚損やエラー、対人不調和などの否定性の回避に汲々とするとき、ぼくに生じているのは承認の不安だった。傷や汚れやエラーの回避に汲々とし破綻を招く不安神経症（とその産物としての心身症）。おそらくそれら否定性そのものを忌避の対象としているのではなく、承認からの見放されと結びつけて観念している。行為の動機づけが「承認の獲得」一色であることが不安なしでは行為できない原因なのかもしれない。一切の承認なしの幸福は困難だが、はじめから諸行為が「承認の獲得」にしか動機づけられていないならばゆくゆく破綻を免れまい。承認から見放されてはまずいという状態は端的に「坊や」である。加齢とともに「坊や」の努力は望む成果に追いつかなくなってくる。分業や戦略に「坊や」は足手纏いなのだ。,文系
さて、人文学者の沈黙について。「語り得ぬものについては沈黙しなければならない」という前期ヴィトゲンシュタイン哲学と自分はなんの関係もないが、それ以前に、人文学者には、科学的領域とは別に自分の領域を見積もる、一種の新カント主義的な慎ましさがある。ほとんどみなそうなのではないか。僕はそういうカント主義とも関係しない。日本の哲学は、西田幾多郎のいう、夜空の星々を天に留められた金色の鋲と考えて何が悪いのか、という強弁からはじまっている。カント主義なら、文系の世界を現象の外に見定めることになるが、そもそも星がどこか遠いところにある恒星というのは直観に反する。自分はこちらと関係している。星々が地球から遠い場所にある恒星だという認識が人間生活を豊かにすることもあるが、夜空に留められた金の鋲だという直観も、人間生活を豊かにする。星をもっとも遠い場所を認識するか、もっとも近い場所で把持するか、いずれも「この世界」の出来事である。医療が目に見えないウイルスを見ているとして、それは星を恒星とみる見方同様に、僕らの直観に反するのであり、一方で目の前の人間を見ることが、人文学者の仕事になる。医療とみれば自分達と関係しない、ということはまったくない。いずれも、「この世界」の出来事だね。最新の科学を参照する、というのも自分の哲学とはなんの関係もない。「存在」を「情報」に還元したがる昨今の物理学に自分は感心しない。そうやって遠慮なく哲学の領域に入ってくるなら、こちらも遠慮なくそれに反対する。昨今の人文学同様に、科学まで「存在」を捨てたら、その意義を失う。科学者は専門的に読み取れるデータから得た直観にしたがって、真理を主張している。それはべつに人文学者と変わるところはなく、人文学者は人文学者でべつの直観から真理を主張したらいいのだが、現代社会には一種の「科学主義」がある。それは、《科学的真理に対して人文学者が沈黙すること》である。科学者には、その作法に則って自分の得た結論を「客観的な」真理と考える、近世以来の強い信念がある。その割に間違うのだが、その信念の強さには驚く。人文学者はそれに気圧されて、自分の得た真理を「主観的な」ところに限定してしまう。だが、星を夜空の金の鋲とみなすことは、別に主観的ではない。僕らの生活文化に根ざしたそれなりの客観性を有し、それどころか、どんな目にもそう見ることが可能という、別種の普遍性をもっている。科学は尊重せねばならないが、だからといって科学主義に泥んでその「外」に自身の領域を見つけるような逃避には感心しない。僕らは「この世界」で生きているから。繰り返すが、科学は科学で尊重しなければならない。だが、人文学は人文学で、自分の得た知見を真理とみなす強さにおいて、けっして科学に劣るものではなく、ユニヴァーサルマスクのような非人間的な政策に対して、その人間的弊害の大きさを主張するに、もっと信念があってしかるべきなのだ。人間はには、内側と外側があり、そして内外は上下でつながっている、ひとつの「筒」なので、この構造にしたがって学問が二様に分かれるのも必然だが、しかしいずれも「この世界」であって、べつに内側は「あの世」ではない。妄想でさえ「この世界」でおこなわれる。人間は、「妄想」を「この世界」において実現しようとする強い欲望をもち、それを「夢」と言い換えるのだが、最初から外側と棲み分けていたら、夢はいつまでも実現しない（だから妄想なのだ）。僕はこの世界で文学的なことを語る強い信念を、人文学者に見たい。また、見せたい。未来の人文学者はなにをせねばならないか。科学者の前で黙ることではないね。ぼくらの言語には、これまでの生活文化に根ざした、おそらくは科学と同じか、もしかするとそれよりも長い蓄積があり、そこからきちんと語るべきことを語ることだ。また同じことを繰り返さないように。,文系
理系で彼女居る←神に愛されている 理系彼女なし←普通 文系で彼女居る←普通 文系彼女なし←何で生きてるのかわからない、文系なのにどうやったらその非モテ人生歩めるのかわからない。人外。ゴミ、クズ、最下層階級。人生のやり直しを検討したほうが良い。多教科だから難易度高い？そんな科目数だけではかって社会的に早慶以上にどういう見返りがあるのか教えてくれ　ほとんど早慶に実績負けてるんだよな、無駄に多科目勉強し就職先早慶以下とかくっそうけんだけど、結局妬み乙としか言えない。俺たち私文は堂々とするぜｗ,文系
私理系だったら迷わず獣医学部に通って大好きな犬🐶の生態や身体を研究して院進したら被験体と称して何匹もの犬を飼うという迷惑学生になっていたはずなんです。修士を3年にしてほしいって話は、お金の話をまず置いといて、就活に邪魔されず研究に専念したいという学生の叫びを表現したに過ぎない言葉であると認識してます。本日はもうお休みの時間なのでパソコンを閉じ先行研究をしまいましょう。おやすみなさい🌙米粉ビーフンが大好物なのでブンチャーゾー(揚げ春巻きビーフン)を混ぜ混ぜしてきました。豪快に入ったミントと一緒にビーフンと揚げ春巻きを吸い込むのが至福でした。これ食べて己を鼓舞します。米粉ビーフンと言えば広東や広西でもよく食べられていてブンより少し太い米粉麺がメインです。Xo酱と炒めたりスープ麺、混ぜ麺にしたり…涎出てきた。情報求めて就活情報やノウハウ見るけど吐き気する時点でもう吐き気するんだがどうしよう、無理かもしれない。マイナビでエントリーした会社、落ちたか出し忘れたかで気づいたら一社しか残っとらん！やっぱり自分就活向いとらん！なかなか興味持てる企業ないし、スケジュール帳に予定メモしても興味なさすぎて確認すること自体忘れちゃうし、頑張ってES書いても時間かけたやつ落ちて適当に書いたやつ通っちゃうし、基礎能力欠けてるせいでテスト対策しても落ちるし、だからといって自分がカンニングするのは許せないし！八方塞が,文系
最近研究室が本格的になってきたから専門書しか読めてないので息抜きで再読でもしようかと考えている今日このごろ。映画化するって嬉しすぎる‼️表紙が美しく僕がジャケ買いをした本のひとつです。その人が今まで読んできた本が少なからず人格に影響を与えると僕は思っているので他の人の本棚を覗くことができる(その人が今までどのような本を読んで人格を形成したのかを知ることができる)という機能はとても興味深いです。ネット上では賛否が分かれている今作ですが、アカデミー賞は世界の情勢を考慮する傾向があるので僕的にはこの作品が賞を受賞しても納得がいくものでした。確かにこの作品はネット上で書かれているように下ネタもありその演出いる？と感じる場面もありましたが、後半になるにつれて日常の些細なことから世界で問題となっていることまで様々なことを考えさせられる映画でした。隣で号泣している人がいてこの人初めてタイタニックを見たのかな〜と思ったのと同時に、僕もタイタニックをDVDで見た記憶を消して何も知らない状態で鑑賞したいなと思った今日この頃です。,理系
"地球温暖化により洪水危険度は増加し，治水安全度が 著しく低下することが予測されており，その適応策につ いての議論がされている1)．河川合流部では，洪水時に は水位の上昇や河床の洗掘・堆積などの治水上の様々な 問題が生じる2)ため，合流部の安全性の照査は喫緊の課 題の一つである．このためには信頼性，実用性の高い合 流部の流れと河床変動解析モデルが求められる． 河川合流に関する研究は固定床（水路）と移動床（水 路）に大別できる．前者に関して，支流の湾曲と剥離に 伴う三次元乱流構造3),4)や河床高の異なる流れの混合機構 5),6)等が行われている．合流部の流れの解析に関する研究 は，Taylor7)の運動量保存則に基づく水位上昇の一次元解 析を嚆矢とするようである．一方，板倉8)は，合流部の 流れを主流路が有限の幅を持つ支流路の流れの噴流拡散 現象として取り扱ったモデルを提案している．運動方程 式に基づく河川合流部の流れの数値解析に関する先駆的 研究の一つにMcguirk and Rodi9)の研究がある．この解析 9)では，水面が固定され，基礎方程式には水深積分の運 動方程式と連続式，乱流モデルにはk-εモデルが用いら れている．合流部流れに対して，乱流モデルの高度化に",理系
農林省案と政調会案とはどちらが妥当か。 正しいとかどうかという問題じやない。政調会長として…そんなこと質問にならんですよ。農産物の二重価格制を採用すべきかどうか。二重価格とはどんなことなのですか。改進党が主張してるつて？改進党がどういつてるか僕は分らん。こういう問題、一概にはいえませんよ。農相の任免をめぐつて首相の側近人事という風評があるが…… 知りません。総理大臣が任命されるんだから、長老とか役員とか相談してやつてるだろう。僕は当時三役でなかつたから知らない。)内田氏と保利氏とどちらが適任か。 　両方とも適任、立派な人です。総理大臣が任命されることだから。大政調会制度で閣僚がロボット化し、各省の責任の所在が稀薄にはならないか。 　自由党の内閣だから両者のちがいはないはず。できるだけ党の公約を内閣へ申出るが、内閣を拘束するものではない。内閣と党とが調整していく。政調会には練達の士や、専門家がいて熱心にやつている。官僚ハダシですよ。もつと麦を食べろという議論をどう思うか。 　僕は自分で実行している、サアどのくらい混ぜてるかナ？ただ小麦を輸入する場合は、小麦が食えるようなタンパク、脂肪がないといけない。その問題で、経団連の意見はそのまま実行できぬという政調会副会長の意見だつた。,文系
媒妁人なかうど先まづいふめでたしと、舅姑きうこまたいふめでたしと、親類等皆いふめでたしと、知己ちき朋友ほういう皆いふめでたしと、渠等かれらは欣々然きん／＼ぜんとして新夫婦の婚姻を祝す、婚礼果してめでたきか。 　小説に於おける男女の主客が婚礼は最いとめでたし。何なんとなれば渠等の行路難は皆合※(「丞／（厄－厂）」、第4水準2-3-54)がふきんの事ある以前既に経過し去りて、自来無事悠々いう／＼の間あひだに平和なる歳月を送ればなり。 　然しかれども斯かくの如ごときはたゞ一部、一篇、一局部の話柄わへいに留とゞまるのみ。其実そのじつ一般の婦人が忌むべく、恐るべき人生観は、婚姻以前にあらずして、其以後にあるものなりとす。 　渠等が慈愛なる父母の掌中を出いでて、其身を致いたす、舅姑はいかむ。夫はいかむ。小姑こじうとはいかむ。すべての関係者はいかむ。はた社会はいかむ。在来の経験に因りて見る処のそれらの者は果していかむ。豈あに寒心すべきものならずや。 　婦人の婚姻に因りて得うる処のものは概おほむね斯の如し。而しかうして男子もまた、先人曰いはく、「妻なければ楽たのしみ少く、妻ある身には悲かなしみ多し」とそれ然るのみ。 　然れども社会は普通の場合に於て、個人的に処し得べきものにあらず。親のために、子のために、夫のために、知己親類のために、奴僕ぬぼくのために。町のために、村のために、家のために、窮せざるべからず、泣かざるべからず、苦まざるべからず、甚はなはだしきに至りては死せざるべからず、常に我われといふ一個簡単なる肉体を超然たらしむることを得で、多々おほく他人に因りて左右せられ、是非せられ、猶なほ且かつ支配さるゝものたり。但たゞ愛のためには必ずしも我といふ一種勝手次第なる観念の起るものにあらず、完全なる愛は「無我」のまたの名なり。故ゆゑに愛のためにせむか、他に与へらるゝものは、難といへども、苦といへども、喜んで、甘あまんじて、これを享うく。元来不幸といひ、窮苦といひ、艱難辛苦かんなんしんくといふもの、皆我を我としたる我を以もつて、他に――社会に――対するより起る処の怨言ゑんげんのみ。愛によりて我なかりせば、いづくんぞそれ苦楽あらむや。,文系
"限界掃流力の研究はdu Boys以来多くの研究者たちによつて行われてきたが, その大部分は実験的に限界流速あるいは限界の掃流力と砂粒の平均径との関係を見出し, 実験公式を作 ることが目的であつた。これに対し, 理論的に砂粒の移動開始の機構を明らかにしようとする研究は非常に少なく, 近年ではC. M. White 1(1940) および栗原博士(1948)のものがあるに過ぎない。Whiteは乱れ係数なる因子によつて乱れの効果を表現し, 栗原博士はこの乱れ係数が粗 度に関するReynoldsi数の函数となることを乱流理論を巧みに応用 して説明された。 しか し栗原博士の理論はかな り難解であ るので, 著者は栗原博士 とは異なつた取扱い方によつ て, 別の限界掃流力に関する理論的解析を試みた。著者 の理論の基礎となつている考え方は, 一つの球状の砂粒 に作用する流体抵抗と圧力勾配による抵抗お よび重力とを用いて平衡条件を作り, これらの抵抗を速度変動を考慮して算出するものであつて, その過程において 乱れの混合距離および最小渦の直径などの乱流理論における概念が用いられている。このような考え方および取扱い方によつて解析した結果, Shieldsが示したと同様な無次元表示した限界掃流力函数が求められ, さらに遮蔽係数となずけられる一定の実験常数を導入することにより, 実験結果とよく一致する関係が得られた。",理系
"背理法で証明するというのはいい方針ですが、その先はなかなか初見では難しいですね。こういう問題は解法をあらかじめ知っていなければまず解けないでしょう。 素数が無数にあるという証明は色々ありますが、高校の整数問題で出題されるものであれば最大の素数をpと置いて、2からpまでの素数の積に1を足した数を考える手法を使うことになるでしょうし、出題者側もその解法で解くことを想定しているでしょう。 まず、直接素数を全て数式で求めることはできませんので（すべての素数を表す数式を発見したらフィールズ賞ものです）、ここは背理法で行くことを考えます。 ということで、素数が有限個しかないと仮定すると矛盾が生じてしまうので素数は無限にあるという風に話を持っていきましょ1う。 最初に素数が有限個しかないと仮定します。 それらを小さい順に 2,3,5,7,・・・,p のように並べて（これを素数のリストと呼ぶことにします）、最大の素数をpとします。 これらの数を使って M=2×3×5×7×・・・×p ＋1 という数Mを考えます。 するとMはpよりも大きい数で素数のリストには入っていないので素数ではない、つまり合成数だということになります。 Mが合成数であれば素数のいずれかで割り切れますね。そこでMを素数で割ってみます。 M=2×3×5×7×・・・×p＋1を2で割った余りは1 M=2×3×5×7×・・・×p＋1を3で割った余りは1 M=2×3×5×7×・・・×p＋1を5で割った余りは1 ・ ・ ・ M=2×3×5×7×・・・×p＋1をpで割った余りは1 このようにMは2,3,5,7,・・・pで割った余りは1となってしまうのでどの素数でも割り切れません。 ということはMは素数の倍数ではないのでMが合成数であることに矛盾しますね。 よって最初の仮定が誤りとなるので素数は無数にあることが示されました。 このM=2×3×5×7×・・・×p＋1という数を考える証明手法はユークリッドの原論に登場する証明を、背理法を用いるようにアレンジされたものです。おそらくこの解法が高校数学で素数の無限性を証明する一番オーソドックスなものでしょう。 なお、元ネタのユークリッドが行った証明は大まかにいえば次のようなもので、背理法は使われていません。 まず、任意のn個の素数をとり、それらをp1,p2,p3,・・・,pnとします。さらに N=p1×p2×p3×・・・×pn + 1とおきます。 Nは1より大きいので何らかの素数pで割り切れますが、一方でp1～pnの素数で割ると必ず1余るためp1～pnの素数では割り切ることができませんから、Nはp1～pn以外の素数ということになります。したがってp1～pn以外にも素数が存在することになります。 以上から、どんな自然数nに対してもn個よりも多い素数を得ることができるので素数は無限にあることが示せます。 なお、ユークリッドはNが素数の場合とそうでない場合に分けていますが、特に分ける必要はないでしょう。 また、よくユークリッドが背理法を使って素数が無限に存在することを証明したと言われますが（私も高校時代に数学の先生からそういわれました）、実際には上記のように背理法といえる手法は使われていないんです。 ちなみに、次のように証明することもできます。おそらくこちらの方が簡潔で明快なのでいいかもしれません。別解として載せておきますね。 別解） 2以上の整数nを考えます。nとn+1は互いに素なので、N2=n (n + 1)は少なくとも2つの異なる素因子を持ちます。同様に、N2とN2+1は互いに素なので、N3=N2(N2+1)は少なくとも3つの異なる素因子を持ちます。この操作を続けることによって、任意に多くの異なる素因子を持つ数を構成することができるので、素数は無数に存在することがわかります。 余談ですが、この証明はこんなにシンプルで綺麗なのに21世紀になるまで発見されなかった証明方法なんです。結構驚きですよね。素数の研究が始まって何世紀経ってんだという。 色々書きましたが、おそらく高校数学の整数問題としてこの問題が出題されたなら、最初に書いた背理法の証明がいいと思いますよ。 ちなみに、素数の無限性の証明方法はほかにもたくさんありますが、だいたい高校数学の範囲を超えてしまうのでここでは紹介しません。ただ、オイラーが用いた方法は高校生でも理解できるでしょうから、学習が進んだら勉強してみてもいいでしょう。他にもいろいろあるので、時間があったら調べてみてください。きっと面白いですよ。",理系
有名な式ですね。 (1)のxに0を代入してみてください。そうすると真ん中の項と第1項目のx^2の方が消えて2項だけ残りますね。 その漸化式を用いていきます。n＝2mを代入すれば漸化式を使って次々減らしていくことによってf^(2)(0)まで来ると思います。これは計算すると0になることがすぐ分かるので結局元の2m階微分した項も0だと分かります。 奇数回の方も同様にやれば今度はf^(1)(0)まで行くかと思います。あとはそれを計算して1だと分かるので係数だけが残って示すべき式が得られます。,理系
つれの夫人がちょっと道寄りをしたので、銑太郎せんたろうは、取附とッつきに山門の峨々ががと聳そびえた。巨刹おおでらの石段の前に立留まって、その出て来るのを待ち合せた。 門の柱に、毎月まいげつ十五十六日当山説教と貼紙はりがみした、傍かたわらに、東京……中学校水泳部合宿所とまた記してある。透すかして見ると、灰色の浪を、斜めに森の間なかにかけたような、棟の下に、薄暗い窓の数、厳穴いわあなの趣して、三人五人、小さくあちこちに人の形。脱ぎ棄すてた、浴衣、襯衣しゃつ、上衣うわぎなど、ちらちらと渚なぎさに似て、黒く深く、背後うしろの山まで凹なかくぼになったのは本堂であろう。輪にして段々に点ともした蝋ろうの灯が、黄色に燃えて描いたよう。 向う側は、袖垣そでがき、枝折戸しおりど、夏草の茂きが中に早咲はやざきの秋の花。いずれも此方こなたを背戸にして別荘だちが二三軒、廂ひさしに海原うなばらの緑をかけて、簾すだれに沖の船を縫わせた拵こしらえ。刎釣瓶はねつるべの竹も動かず、蚊遣かやりの煙の靡なびくもなき、夏の盛さかりの午後四時ごろ。浜辺は煮えて賑にぎやかに、町は寂しい樹蔭こかげの細道、たらたら坂ざかを下りて来た、前途ゆくては石垣から折曲る、しばらくここに窪くぼんだ処、ちょうどその寺の苔蒸こけむした青黒い段の下、小溝こみぞがあって、しぼまぬ月草、紺青の空が漏れ透くかと、露もはらはらとこぼれ咲いて、藪やぶは自然の寺の垣。 ちょうどそのたらたら坂を下りた、この竹藪のはずれに、草鞋わらじ、草履、駄菓子の箱など店に並べた、屋根は茅かやぶきの、且つ破れ、且つ古びて、幾秋いくあきの月や映さし、雨や漏りけん。入口の土間なんど、いにしえの沼の干かたまったをそのままらしい。廂は縦に、壁は横に、今も屋台は浮き沈み、危あやうく掘立ほったての、柱々、放れ放ばなれに傾いているのを、渠かれは何心なく見て過ぎた。連れはその店へ寄った［＃「寄った」は底本では「寄つた」］のである。 「昔……昔、浦島は、小児こどもの捉とらえし亀を見て、あわれと思い買い取りて、……」と、誦すさむともなく口にしたのは、別荘のあたりの夕間暮れに、村の小児等こどもらの唱うのを聞き覚えが、折から心に移ったのである。 銑太郎は、ふと手にした巻莨まきたばこに心着いて、唄をやめた。 「早附木マッチを買いに入ったのかな。」 うっかりして立ったのが、小店こみせの方かたに目を注いで、 「ああ、そうかも知れん。」と夏帽の中で、頷うなずいて独言ひとりごと。 別に心に留めもせず、何の気もなくなると、つい、うかうかと口へ出る。 「一日あるひ大きな亀が出て、か。もうしもうし浦島さん――」 帽を傾け、顔を上げたが、藪に並んで立ったのでは、此方こなたの袖に隠れるので、路みちを対方むこうへ。別荘の袖垣から、斜ななめに坂の方を透かして見ると、連つれの浴衣は、その、ほの暗い小店に艶えんなり。 「何をしているんだろう。もうしもうし浦島さん……じゃない、浦子さんだ。」 と破顔しつつ、帽のふちに手をかけて、伸び上るようにしたけれども、軒を離れそうにもせぬのであった。 「店ぐるみ総じまいにして、一箇ひとつ々々袋へ入れたって、もう片が附く時分じゃないか。」 と呟つぶやくうちに真面目まじめになった、銑太郎は我ながら、 「串戯じょうだんじゃない、手間が取れる。どうしたんだろう、おかしいな。」,文系
まだ真夜中にはなっていなかった。 が、豪奢なウッドワードのアパートに漲みなぎる深々たる夜の静寂は、泥棒猫のようにこっそり忍び込んだスパイダー・マッコイの亢奮した神経を針のように尖らせた。ゴム底の靴は歩く度たびに高価な絨氈の中に深々と沈み、彼の熟練した眼には夜目にも素晴しい調度品が感じられた。室から室を忍び歩く足の感じと時折照す懐中電燈の光だけで、スパイダーは家うちの中の様子をあらまし頭の裡なかにたたみ込んだ。 総すべては彼が想像した通りだった。いや、サディが彼に知らせた通りだと云った方がいいかも知れない。サディはウッドワード夫人がフロリダ地方へ出立する以前、一ヶ月許ばかり女中として住み込んでいた。そして彼女は室々の詳細の様子をスパイダーに知らせて寄よこしたのだ。今その正確だったことが分ると、彼は舌を巻いて驚いた。 「サディは利口な奴さ」と彼は呟つぶやいた。「その上、気が利いていやがる。あれでスラッグ・ドルガンに気がなければなあ」 彼はそう思うとスラッグが無上むしょうに憎くなって来た。奴は此この数ヶ月と云うもの幾度いくたび仕事の邪魔をしたか知れやしない。だが何どうして仕事を予め感付いたろう。誰か密告してる奴がいるんだ――事情を詳しく知ってる奴が。スパイダーは今までついぞサディを疑った事はなかった――が、あの女にも用心しないと不可いけないな、と彼は思った。 その時、幽かすかな物音がしたので、彼は蜂に神経を刺された様に、はっと我に返った。彼は全身の神経を緊張させて油断なく暗やみの中に佇んだ。が、やがて、気の精せいだったかも知れない、と独りで極きめてしまった。 家うちの中には眠ねむりに就ついている二人の召使の外には誰もいない筈だった。夫人はフロリダ地方へ行っているし、主人は土曜日の夜はいつも日曜版が刷上るまで新聞社にいる習ならわしだった。スパイダーは前々から念を入れて今日の準備を怠らなかった。そして宵の中うちから家に眼をつけておいて、ウッドワードが自動車で事務所へ出掛けた後も、召使達が燈火あかりを消して室へ退くのを待っていたのだった。 懐中電燈の光は床から壁を這い廻った。 時間はたっぷりあったから、決して急ぐ必要はなかった。彼は安心して仕事に取掛ることが出来た。窓には日除が下され、その上都合のよい事にはどっしりした窓掛けさえ下されてあった。彼は電燈のスイッチを捻ひねった。すると眼の前に突然華麗な室が現われたので思わず眼を瞠つむった。が、今はそんな事に暇をつぶしている時ではなかった。やがて今宵の目的物が眼に映った。それはサディが云った通り室の端はずれに――グロテスクなチーク材の彫像が立っていた。 その彫像を予かねてから欲しがっていた胡買者けいすがいのシモン・スヌッドはスパイダーに話を持ち掛けた。 「手に入ったら、お前には五千弗ドル出すぜ」とスヌッドは約束した。 スパイダーに取ってはそれだけでも充分だった。併しかし巧くゆけばもう少し位出させることは出来るかも知れないし、スヌッドにしても愈いよいよ現実に手に入るとなれば分前の高を増して呉くれるかも知れない。だが、そんな事は後で何うにでもなる、それより今は代物を手に入れることが肝心だ、とスパイダーは考えた。,文系
画像データを対象としたデータベースシステムにおいては，検索者の印象や画像の内容による検索を実現する方法が重要である．我々は，文脈あるいは状況に応じて動的に変化するデータ間の意味的な関係を計算するモデルである意味の数学モデルを提案している．本論文では，意味の数学モデルを用いた意味的画像探索方式を提案し，また，その学習機構を示す．本方式では，メタデータ空間と呼ぶ正規直交空間を形成し，その空間上に画像データ群，および，検索に用いるキーワード群を配置する．そして，その空間上での距離計算により，検索者の印象，および，画像の内容の指定に応じた画像探索を実現する．検索対象の各画像は，画像の特徴（印象あるいは内容）を表す言葉（単語群）によって表現されることを前提とする．本方式は，検索者が発行する検索語，および，画像データの特徴を表現する単語間の相関関係の分析により，画像を検索する方式として位置づけられる．本方式では，検索者が指定する印象あるいは画像の内容を文脈として言葉により与えると，その文脈に対応する画像をメタデータ空間より動的に抽出する．本学習機構では，その文脈から得られた画像が，本来，抽出されるべき画像と異なる場合，抽出されるべき画像を指定することにより，文脈を構成している言葉についての学習を行う．本学習機構を適用することにより，画像の印象表現における個人差に対応することが可能となる．,理系
飛躍的な性能向上をもたらした Deep Learning が牽引する第 3 次 AI ブームも落ち着きを見せつつあり、過去 2 回のように冬の時代に突入することなく、着実な社会浸透が進んでいるように見える。とはいえ、Deep Learning のような機械学習の性能を引き出すには 潤沢なデータが必要であり、そのデータ一つ一つに気がつかないようなバイアスが含まれ ていれば、そのバイアスも学習されることになり、その結果 AI が人種差別をするような判 断をしてしまうといった問題が発生することになる。これは AI のバイアス問題などと呼ばれるが、これ以外にも AI が高い能力を発揮できるようになったことで、AI に仕事が奪われるのではないかという指摘や、一昨年の年末での AI 美空ひばりに象徴される故人を AI で蘇らせることに関する議論、そして、LAWS として知られる自律型 AI 兵器開発禁止に関する話題など、高性能かつ、今後さらにその能力が高まるであろう AI に対する懸念がいろいろ高まっている。本稿では、それら脅威論を整理するとともに、真にAI が人間社会に浸透し、人と共生する関係となるための道筋について考察する。,理系
文学成長の道程の中に外国文学模倣時代という時期がある。この時期は成なる丈たけ早く通過すべきである。日本探偵小説の如何に長くこの時期にウロツイていることか。笑う可べきである。 ○ 僕には相当探偵小説家の友人がある。彼等の話を聞いていると軽蔑したくなる。「こういうトリックは如何さまのもので」「面白うござんすな、すぐにお書きなさい」「こういう奇抜な筋があるので」「こりゃ素晴らしい、急いでお書きなさい」「こういう怪奇はどうでしょう？」「ウーン、迚とても素晴らしいものだ。君々いそいで書きたまえよ」こんな話ばかりを交わせている。しかも彼等の輩は、それらのトリックそれらの筋それらの怪奇を書くことによって、何を人生に寄与しようとするのか、そういうことは考えてもいない。 ○ 人生の再現、人生の創造――いずれも文学の目的である。探偵小説は、どっちかといえば、人生の創造という言葉にあてはめてよい文学である。――人生の創造ということは、実人生と遊離している世界を創って、読者を嚇おどかすことでは無い。人生を向上さす可くユートピアを創る謂いいなのである。日本の探偵小説家の輩はそういうことを知らない。,文系
本誌五月号の探偵創作の中うち、小舟勝二氏の作「昇降機」を面白く――というよりも夫それ以上に敬服して読みました。 （１）よく昇降機の性質を知っていて夫れを活用したこと（２）「――四階。客無し。運転継続――五階。停止ストップ」というようなテキパキしていて新鮮で要領のよい動的描写（３）橋本が昇降機へ飛び付いてから死ぬ迄までの物凄い光景等々、実に旨うまいものだと思いました。全体が手堅く、緊密であるのも嬉しく思いました。小舟氏の作はこれ一つしか読んだことはありませんが、これ一つだけで充分に手腕ある作家だということが感じられました。 雑誌「苦楽」に掲載された本田緒生氏の時代捕物「夜桜お絹」も私を喜ばせた作でありました。自由な筆致もよく、時代物だのに一向こだわらずに英語を入れた大胆さも苦にならず、いや却かえって効果的であり、全体がフックリして軟味やわらかみのあるのも快く思いました。林不忘氏の作とは又別趣の味があり、現代物ばかりで無く、こういう時代物にも才気縦横であることが証拠立てられ、氏のために祝福した次第であります。雑誌「苦楽」がこれを呼び物にしたのは洵まことに理もっともだと思いました。「疑問の黒枠」は完結してから「『疑問の黒枠』細評」というようなものを書いて見たいと思って居ります。兎とに角かく大変な人気であり、人気のあるのは当然至極と思って居ります。寸鉄殺人的の短篇で盛んに読者を威嚇していた小酒井博士が、こういう大がかりな、そうして何処となく余悠があってフックリしていて、そうして如何にも日本的な作を作ろうとは最初の中は誰もが想像しなかったことでしょう。博士はマイクロフォンで……「探偵小説の行詰り云々」と探偵小説がどうやら行詰まったような口吻くちぶりを洩らして居りましたが、「疑問の黒枠」はそれを裏切って居ります。こういう作がある以上探偵小説は行詰って居りません。で博士に抗議をして、如上の言葉は失言として取り消しを願うことに致しましょう。,文系
物理をやっている人と，数学をやっている人では言葉の使い方が違う場合があります．位相空間という言葉はとくに混乱の元になるものです．この記事は，この用語の違いを説明するためだけのものです．数学における位相空間というのは，分かりやすく言うと，みなさんが知っている普通の図形から，長さを取り去ってしまった場合に残る幾何学的性質のある空間のことです．  なんのこっちゃという感じですね．  例えば，次のような穴の一つあいた図形を考えます．いま，長さの概念を取り去ってしまってありますので，縦横に曲げたり引っ張ったりしてもいいのです．すごいゴムで出来ている図形だと思ってください．ところが，どんなに工夫して引っ張ってみても，穴の数は変わりません．(ねじったり，むすんだり，グルグル巻いてみたりしてもいいです．穴の数は変わりません！)  穴の数だけを知りたい場合には，こういうぐにゃぐにゃの図形を考えた方がいいわけですね．このような，ぐにゃぐにゃ図形を扱うことが出来る土俵を，位相構造と言い，数学では，位相構造がある空間を位相空間と呼びます．(位相空間に距離の概念を導入すると，距離空間といって，普通の図形の空間になります．),理系
この章は、このテキストの主題である位相空間の概念の定義からはじまる。位相空間は、点の集合に対して「どの部分集合が開集合か」というデータを付加しただけのものであるが、これが何らかの図形や空間を表した概念と思えることは今後明らかになっていくであろう。また、この章ではEuclid空間の距離の性質を抽象化して距離空間の概念を定義し、距離空間から位相空間が定まることを述べる。ここでの集合族を位相空間の開集合系あるいは位相(topology)といい、の要素を位相空間の開集合(open set)という。また、の要素のことを、位相空間の点(point)という。集合に対して位相   を定めて位相空間をつくることを、位相を定める、位相を入れるなどという。正式には位相空間はという組のことであるが、通常はを暗黙のうちに固定されたものとみなし、位相空間と呼ぶかわりに、簡単に「位相空間  」と呼ぶことが多い。  (O1) は空集合と自身が位相空間の開集合であることを述べている。(O2) はの二個の開集合の共通部分がの開集合となることを述べている。(O3) はの任意個の開集合の和集合がの開集合となることを述べている。これらの条件は、Euclid空間の開集合については成り立っていたことに注意しよう（命題 0.8）。(O1)-(O3) を「開集合系の公理」と呼ぶこともある。  (O2) は次の条件に置き換えられる。  (O2')   ならばである。 実際、(O2') でとすれば (O2) が得られるし、逆に (O2) からについての帰納法で (O2') を導くことができる。以下では、(O2') もいままでの (O1)-(O3) と同様によく用いられる。,理系
"「対称性」, 「トポロジー」および「モジュライ」の概念は，数学のみならず数理科学の諸分野に現れる基本的な概念である。とくに，「対称性」, 「トポロジー」および「モジュライ」に関わる数学で最も成功している数学のひとつは，可積分系理論である。可積分系は，表現論，非線形編微分方程式，シンプレクティック幾何学，代数幾何，微分幾何学，トポロジー，結び目理論，弦理論，相対論，宇宙論，などと極めて多くの数学，数理物理の研究分野と関わる。 大阪市立大学数学研究所（Osaka City University Advanced Mathematical Institute）の数学・数理物理の国際研究・教育拠点としての実績・機能を基盤に，神戸大学数学教室，早稲田大学数学教室の協働した体制をとり，幾何学と可積分系の理論と応用における国際研究拠点とネットワークの展開を目的とする。可積分系，ソリトン，表現論，代数解析，代数幾何，モジュライ理論，非線型ＰＤＥ，変分問題，結び目理論，3・4 次元トポロジー，トーリックトポロジー，シンプレクティック幾何学，微分幾何学，リー理論，弦理論，宇宙論，という研究分野は，OCAMI,神戸大，早稲田大それぞれに強力な研究者あるいは研究グループが最先端の研究が進められている。 OCAMI が推進した JSPS 頭脳循環を加速する若手研究者戦略的海外派遣プログラム事業名：「数理と物理の深化と展開，数学研究所を拠点とする国際ネットワークハブの形成」，(2011-2013 年度)の実績と成果を基盤に，本事業では，神戸大学数学教室および早稲田大学数学教室の関連研究グループを協力機関として加え，国際的な若手研究者の一層の育成とともに，数学研究所を拠点とする国際研究ネットワークを一層強化と拡大していくことを企図するものである。 本事業は，OCAMI,神戸大学数学教室，早稲田大学数学教室の「可積分系と表現論，代数幾何」，「結び目理論とその応用」，「トポロジー・微分幾何と対称性」，「変分法・非線型偏微分方程式論」，「数理物理」というような最先端の研究分野によって構成される。各研究分野の優れた若手研究者らを数学研究所を拠点とする国際研究ネットワークの海外連携研究機関へ派遣することにより，異なる分野間の融合的な数学研究を活性化しようというものである。",理系
メロスは激怒した。必ず、かの邪智暴虐じゃちぼうぎゃくの王を除かなければならぬと決意した。メロスには政治がわからぬ。メロスは、村の牧人である。笛を吹き、羊と遊んで暮して来た。けれども邪悪に対しては、人一倍に敏感であった。きょう未明メロスは村を出発し、野を越え山越え、十里はなれた此このシラクスの市にやって来た。メロスには父も、母も無い。女房も無い。十六の、内気な妹と二人暮しだ。この妹は、村の或る律気な一牧人を、近々、花婿はなむことして迎える事になっていた。結婚式も間近かなのである。メロスは、それゆえ、花嫁の衣裳やら祝宴の御馳走やらを買いに、はるばる市にやって来たのだ。先ず、その品々を買い集め、それから都の大路をぶらぶら歩いた。メロスには竹馬の友があった。セリヌンティウスである。今は此のシラクスの市で、石工をしている。その友を、これから訪ねてみるつもりなのだ。久しく逢わなかったのだから、訪ねて行くのが楽しみである。歩いているうちにメロスは、まちの様子を怪しく思った。ひっそりしている。もう既に日も落ちて、まちの暗いのは当りまえだが、けれども、なんだか、夜のせいばかりでは無く、市全体が、やけに寂しい。のんきなメロスも、だんだん不安になって来た。路で逢った若い衆をつかまえて、何かあったのか、二年まえに此の市に来たときは、夜でも皆が歌をうたって、まちは賑やかであった筈はずだが、と質問した。若い衆は、首を振って答えなかった。しばらく歩いて老爺ろうやに逢い、こんどはもっと、語勢を強くして質問した。老爺は答えなかった。メロスは両手で老爺のからだをゆすぶって質問を重ねた。老爺は、あたりをはばかる低声で、わずか答えた。 「王様は、人を殺します。」 「なぜ殺すのだ。」 「悪心を抱いている、というのですが、誰もそんな、悪心を持っては居りませぬ。」 「たくさんの人を殺したのか。」 「はい、はじめは王様の妹婿さまを。それから、御自身のお世嗣よつぎを。それから、妹さまを。それから、妹さまの御子さまを。それから、皇后さまを。それから、賢臣のアレキス様を。」 「おどろいた。国王は乱心か。」 「いいえ、乱心ではございませぬ。人を、信ずる事が出来ぬ、というのです。このごろは、臣下の心をも、お疑いになり、少しく派手な暮しをしている者には、人質ひとりずつ差し出すことを命じて居ります。御命令を拒めば十字架にかけられて、殺されます。きょうは、六人殺されました。」 聞いて、メロスは激怒した。「呆あきれた王だ。生かして置けぬ。」 メロスは、単純な男であった。買い物を、背負ったままで、のそのそ王城にはいって行った。たちまち彼は、巡邏じゅんらの警吏に捕縛された。調べられて、メロスの懐中からは短剣が出て来たので、騒ぎが大きくなってしまった。メロスは、王の前に引き出された。 「この短刀で何をするつもりであったか。言え！」暴君ディオニスは静かに、けれども威厳を以もって問いつめた。その王の顔は蒼白そうはくで、眉間みけんの皺しわは、刻み込まれたように深かった。,文系
"離散型確率変数が従う確率分布の例として幾何分布が知られている. 例として, 「Yes」か「No」のどちらかが確率的に起きるような事象を考えよう. この事象を繰り返し行い, はじめて「Yes」が得られるまでの「No」の回数を確率変数とみなしたとき, この確率変数は幾何分布に従うことが知られている.一般に, これまでに考えていたような, 次のような仮定をしくことができる試行をベルヌーイ試行という. 試行の結果として事象 か のどちらかが生じ, その確率は試行の間変化しない. それぞれの試行が独立であり, 他の試行に影響を与えない. 幾何分布とは, ベルヌーイ試行を繰り返してはじめて事象 が生じるまでの間に得られた の回数を確率変数とした確率分布であると言える. この幾何分布の持つ性質 , 無記憶性について議論する.",理系
たくしはその人を常に先生と呼んでいた。だからここでもただ先生と書くだけで本名は打ち明けない。これは世間を憚はばかる遠慮というよりも、その方が私にとって自然だからである。私はその人の記憶を呼び起すごとに、すぐ「先生」といいたくなる。筆を執とっても心持は同じ事である。よそよそしい頭文字かしらもじなどはとても使う気にならない。 　私が先生と知り合いになったのは鎌倉かまくらである。その時私はまだ若々しい書生であった。暑中休暇を利用して海水浴に行った友達からぜひ来いという端書はがきを受け取ったので、私は多少の金を工面くめんして、出掛ける事にした。私は金の工面に二に、三日さんちを費やした。ところが私が鎌倉に着いて三日と経たたないうちに、私を呼び寄せた友達は、急に国元から帰れという電報を受け取った。電報には母が病気だからと断ってあったけれども友達はそれを信じなかった。友達はかねてから国元にいる親たちに勧すすまない結婚を強しいられていた。彼は現代の習慣からいうと結婚するにはあまり年が若過ぎた。それに肝心かんじんの当人が気に入らなかった。それで夏休みに当然帰るべきところを、わざと避けて東京の近くで遊んでいたのである。彼は電報を私に見せてどうしようと相談をした。私にはどうしていいか分らなかった。けれども実際彼の母が病気であるとすれば彼は固もとより帰るべきはずであった。それで彼はとうとう帰る事になった。せっかく来た私は一人取り残された。,文系
本 論文 は ，ICP 質量分析 計 に 関す る 4 つ の トピ ッ ク ス に つ い て 紹 介 す る 。 一つ 目の ト ピ ッ ク ス で は ， Re −Os 年代 測定法 に つ い て と りあ げる 。 こ の 研 究テ ー マ は ，筆者が 大学院の 修士 過程 の 研 究テ ーマ と して 増 出彰正教授か ら与えら れ た もの で ある が ， 現在 もなお 大学 院の 学生 とともに取 り組 ん で い る テ ーマ で あ る。 長 期 間 に わ た り取 り組 ん で い る テ ーマ で は ある が ，実 験 の 方向 は ，「分析 の 高感度 ・高精度化」 か ら 「Os の 局所 同位体分析 の 実用化」 に移 り変 わ っ て い る。 こ れ は ，他 の い くつ か の 年代 測 定法 が そ うで あ っ た よ う に， Re− Os 年代 測 定 法 に つ い て も，近 い 将 来，局 所 Os 同位 体 デ ータ を用 い た地 球化 学 的議論 が重 要 とな る は ず で あ る，とい う考 え に 基づ い て い る。こ こ で は，まず手始 め に イ リ ドス ミ ン （lridosmine） と よ ば れ る Os 鉱 物 につ い て 行 っ た Os 同位体 分析 結 果 を紹 介す る 。2 つ 目の ト ピ ッ ク ス で は鉄 隕石 中の Ge 同 位 体分析を取 り上 げる。Ge は 鉄 隕石 の 化 学 的分類 に お い て 重要 な 役割 を果 た して きたが ，Ge 存在 度 だ け で は，特 殊 な グ ル ープ の 鉄隕石 の 形成過 程や コ ン ドラ イ トの 金属 相 と の 物 質化学 的な成 因につ い て よ り厳 密 な 議論 を進 め る こ とは難 しい n そ こ で 本 研 究 で は ，Ge な どの 親鉄 性元 素存在 度情 報 に 加 え，Ge の 同位 体 組 成 を用 い た 鉄 隕石 の 新 しい 分 類 法 を 確 立 す る と と も に，鉄 隕石 とコ ン ドラ イ トとの 物質化 学的関連 につ い て 直接 的な物 質化 学的知 見を 引 き出す 試み を行 っ て い る 。 こ の 目 的の た め に ，本研 究 で は 試 料 形 成 時 に Ge が受 けた 同位体分 別 を検 出す る た め の 新 しい 同位体 分 析 法 を開発 した の で ，そ の 詳細 に つ い て もこ こ で 紹介 す る 予 定で あ る 。 3 つ 目の トピ ッ ク ス で は ，ジル コ ン の U −Pb 年代 測定法 を と りあ げる 。 こ の トピ ッ ク ス に つ い て は ，オ ース トラ リ ア 国立 大学 （ANU ）の グル ー プが SHRIMP と よ ば れ る 二 次 イ オ ン 質量 分 析計 を 用 い て 華 々 しい 成果 を 挙げ てお り，本研 究は そ の 後 追 い 研 究 とい う感が ぬ ぐえ な い 。しか し，筆者 が 憂慮 して い る 問題 点 は ， “SHRIMP 年代 ”を再検 定す る 手法 が な い ま ま に ，SHRIMP の 高精 度 年代 デ ータ に 基 づ く 地 質学 的 議論が 先行 し は じめ て い る こ とで あ る。 本研 究 で 開 発 した ICP 質量 分 析 計 に よ る ジ ル コ ン の U − Pb 年代 測 定法の 確立 は ，単な る装 置開発 だけで は な く， SHRIMP の 高精度年代 デ ータの 信 頼性 を再 検討 す る 意 味 も兼 ね て お り，そ の 意味 で こ こ で 紹介 す る こ と と した 。4 つ 目 の トピ ッ ク ス として ， 現在 ， 我 々 が 東工 大 で 進 め て い る ICP 質量 分析 計 改 造計 画，特 に新 し い イ オ ン 検 出 器 の 開 発 につ い て と りあげる 。 現段 階で は，サ イ エ ン ス の 上 で の 成果 は あ げ られ て い ない が ， 単に 世 界 最先端 の 装 置 を買 うだけで はな く，その 装置 を改 造 し，誰 もが 得 られ なか っ た 新 しい デ ータ を獲 得,理系
Re−Os 年 代 測 定 法 は ，i8’ Re の β 一壊 変 （半 減 期410 億 年）に よ る LU70s の 同位 体 存在 度 の 成 長 に 基づ い た 年代測 定 法で あ る。Re と Os は 地 球 化 学 的 に 共 に 親 鉄 性 元 素 に分 類 され る が ，Re は 地殻 内 の 条件 で は 親 銅性が 高い こ と も知 られ て い る （Dickin，1995；Faure， 1986）。こ れ まで 実 用化 さ れ て い る 年代 測 定法 の 親核 種 の 殆 ど全 て が 親 石 性 元 素 （例 え ば Rb ，K ，Sm ，U な ど）で あ る の に 対 し，Re は こ の 点で 対照 的で あ り際 だ っ た 特異性 を有 して い る 。 こ の た め ，Re− Os 年代 測 定 法 は ，鉄 隕 石 や 石 鉄 隕石 （Herr et at ．，1961 ；Luck and Allegre，1983 ；Hirataand Masuda ，1992；Horan et al ．，ユ992），あ る い は コ ン ドラ イ b 中の 金属 イ ン ク ル ージ ョ ン （Walker and Morgan ，ユ989） とい っ た金 属 試料や ， モ リ ブ デ ナ イ ’ト （Hirtet al ．，1963；Luck and Allegre，1982 ；Suzuki et al ．，1993 ；Suzukiei al ．， 1996）な どの 硫化 鉱 物の 年代 を決定 で きる 唯一の 年代 測 定法と なっ て い る 。 1980年代 か ら現 在 まで に ，r．次 イ オ ン 質量 分 析法 （SIMS ，Shimizu et al ．，1978）や 加 速 器 質量分 析 計 （AMS ，Fehn et al 、，1986），レ ーザ ー イオ ン 化質量 分析計 （LAMMA ，Lindneret al ．，1989， お よび RIMS ，Walker、1988），そ して ICP 質量分 析計 （Date et al ．，1987；Masuda et at ．，ユ986 ；Russ et al ．， 1987；Dickinet al ．，1988；Gregoire，1990 ；Hirata and Masuda，1992） な どに よ りOs の 高精度同位体 デ ータ が 報 告 され て きた が ，主 と して 分析 感 度の 問題 か ら， Re− Os 年代測 定 法は 広 く普 及す る に は 至 らず ，正確 な Re− Os 年 代 が 決定 さ れ た 試料 は ，比 較 的 オ ス ミ ウ ム 存在 度の 高 い 隕石 物質 や 鉱 床 ・硫 化 鉱 物 に限 られ て い た。 しか し，1991年 に なっ て 負 イ オ ン 表面電離 質量 分析法 （NTIMS ） が 実用化 され る と （Creaseret al．， 1991），分析 感度 と精 度 は 一気 に 向上 し，高 精 度 Os 同位体 デ ータ に基 づ く地球化 学的議論 が 進 め られ る よ うに な っ た （例 え ば Horan et aL，1992；Morgan et al．， 1995 ；Shen et al．／996）。 こ うし て ，Re−Os 法 は ，試 料 の バ ル ク の 年代 測 定 に 関 して は Rb− Sr法，Sm −Nd 法 な ど と同様 ，実 用段 階 に入 っ た 年代 測 定法 とな っ た 。し か し，SHRIMP が 挙 げ た 目覚 ま し い 成 果 に 代 表さ れ る よ うに ，試料 か らよ り精 審か つ 正確 な情 報を 得 る た め に は ，近 い 将 来，局所 同位体分析 に基づ く年 代 測 定が 重要 とな る こ とは 自明 で あ ろ う （仏 パ リ大 学 の Allegre ら の グ ル ープ は Os 同位 体 分 析 に 際 し て SIMS を用 い て い た が，試料 か ら Os を化 学 的 に抽 出 し，フ ィ ラ メ ン ト上 に塗布 し，その 上か ら一次 イオ ン ビ ーム を照射 して イ オ ン化 す る ， とい う手法 を用 い て お り，Os の 局所 同位 体分 析 は 実 現 さ れ て い な い,理系
以前、私立Ｔ高校に英語講師として勤務していたとき、 大変お世話になったO先生から、こんなお便りが届きました ・・・・・・・ ブログ、拝見してお元気な様子にうれしく思っております。 ・・(中略)・・ 先生もブログに書いていらしたように『断捨離』難しいです。 うちにも父の蔵書が沢山あり、父の思い出を『断捨る』ことはできず、 物が一向に減りません ・・・・・・・ 私と同年代のＯ先生も、ご苦労なさっているのですね。。 うちの場合は・・・ 昨年の秋、手付かずだった父のキャビネットの整理をはじめたところ、 奥から英会話のカセットテープセットが、 なんと４セットもみつかりました ・・ かつて公立中学の英語教師をしていた父の遺品です。 それぞれコンパクトなパッケージに 約十数のカセットテープとテキストが収納されているタイプ。 ひとつひとつ中を開けてみると、 お恥ずかしいことに、開封されているのは最初のNO1のみ。。。 たくさん買い集めたのに、なぜ・・ 飽きてしまい放置し、また新たなものを購入してしまったのでしょうか・・ 母に、「この英会話カセットはどうするの？」 訊いたところ、「処分しちゃって」とあっさりした返答。 しかし、まだ新品同然。 ゴミで出すのは、あまりに心が痛んだので、 車に積んで、買取店に持ち込んでみました。 査定していただいた結果。 「お値段がつけられません」 とのことでした 一応、理由を伺ってみたところ、 「当店では現在、カセットテープの取り扱いは行っておりません」 また持ち帰らなければならないのねと、ため息をつきつつ、肩を落としていると 「どうなさいますか？」 訊かれたので、 「そちらで・・お願いします」 託すことにいたしました。 もしかしたら、お店でゴミとして処分されてしまうのかもしれませんが。 状態が良いので、もしかしたら・・・ なんらかの形でどなたかの役にたってくれるといいなという余韻を残した こんな手放し方もいいかもしれないと思いつつ、お店を出ました。 この続きは。 また後日、書かせていただきますね。,文系
「おっかさんは、ぼくをゆるして下さるだろうか。」 いきなり、カムパネルラが、思い切ったというように、少しどもりながら、急せきこんで云いいました。 ジョバンニは、 （ああ、そうだ、ぼくのおっかさんは、あの遠い一つのちりのように見える橙だいだいいろの三角標のあたりにいらっしゃって、いまぼくのことを考えているんだった。）と思いながら、ぼんやりしてだまっていました。 「ぼくはおっかさんが、ほんとうに幸さいわいになるなら、どんなことでもする。けれども、いったいどんなことが、おっかさんのいちばんの幸なんだろう。」カムパネルラは、なんだか、泣きだしたいのを、一生けん命こらえているようでした。 「きみのおっかさんは、なんにもひどいことないじゃないの。」ジョバンニはびっくりして叫さけびました。 「ぼくわからない。けれども、誰たれだって、ほんとうにいいことをしたら、いちばん幸なんだねえ。だから、おっかさんは、ぼくをゆるして下さると思う。」カムパネルラは、なにかほんとうに決心しているように見えました。 俄にわかに、車のなかが、ぱっと白く明るくなりました。見ると、もうじつに、金剛石こんごうせきや草の露つゆやあらゆる立派さをあつめたような、きらびやかな銀河の河床かわどこの上を水は声もなくかたちもなく流れ、その流れのまん中に、ぼうっと青白く後光の射さした一つの島が見えるのでした。その島の平らないただきに、立派な眼もさめるような、白い十字架じゅうじかがたって、それはもう凍こおった北極の雲で鋳いたといったらいいか、すきっとした金いろの円光をいただいて、しずかに永久に立っているのでした。 「ハルレヤ、ハルレヤ。」前からもうしろからも声が起りました。ふりかえって見ると、車室の中の旅人たちは、みなまっすぐにきもののひだを垂れ、黒いバイブルを胸にあてたり、水晶すいしょうの珠数じゅずをかけたり、どの人もつつましく指を組み合せて、そっちに祈いのっているのでした。思わず二人もまっすぐに立ちあがりました。カムパネルラの頬ほほは、まるで熟した苹果りんごのあかしのようにうつくしくかがやいて見えました。 そして島と十字架とは、だんだんうしろの方へうつって行きました。,文系
吾輩わがはいは猫である。名前はまだ無い。 どこで生れたかとんと見当けんとうがつかぬ。何でも薄暗いじめじめした所でニャーニャー泣いていた事だけは記憶している。吾輩はここで始めて人間というものを見た。しかもあとで聞くとそれは書生という人間中で一番獰悪どうあくな種族であったそうだ。この書生というのは時々我々を捕つかまえて煮にて食うという話である。しかしその当時は何という考もなかったから別段恐しいとも思わなかった。ただ彼の掌てのひらに載せられてスーと持ち上げられた時何だかフワフワした感じがあったばかりである。掌の上で少し落ちついて書生の顔を見たのがいわゆる人間というものの見始みはじめであろう。この時妙なものだと思った感じが今でも残っている。第一毛をもって装飾されべきはずの顔がつるつるしてまるで薬缶やかんだ。その後ご猫にもだいぶ逢あったがこんな片輪かたわには一度も出会でくわした事がない。のみならず顔の真中があまりに突起している。そうしてその穴の中から時々ぷうぷうと煙けむりを吹く。どうも咽むせぽくて実に弱った。これが人間の飲む煙草たばこというものである事はようやくこの頃知った。 この書生の掌の裏うちでしばらくはよい心持に坐っておったが、しばらくすると非常な速力で運転し始めた。書生が動くのか自分だけが動くのか分らないが無暗むやみに眼が廻る。胸が悪くなる。到底とうてい助からないと思っていると、どさりと音がして眼から火が出た。それまでは記憶しているがあとは何の事やらいくら考え出そうとしても分らない。 ふと気が付いて見ると書生はいない。たくさんおった兄弟が一疋ぴきも見えぬ。肝心かんじんの母親さえ姿を隠してしまった。その上今いままでの所とは違って無暗むやみに明るい。眼を明いていられぬくらいだ。はてな何でも容子ようすがおかしいと、のそのそ這はい出して見ると非常に痛い。吾輩は藁わらの上から急に笹原の中へ棄てられたのである。,文系
私は、その男の写真を三葉、見たことがある。 一葉は、その男の、幼年時代、とでも言うべきであろうか、十歳前後かと推定される頃の写真であって、その子供が大勢の女のひとに取りかこまれ、（それは、その子供の姉たち、妹たち、それから、従姉妹いとこたちかと想像される）庭園の池のほとりに、荒い縞の袴はかまをはいて立ち、首を三十度ほど左に傾け、醜く笑っている写真である。醜く？ けれども、鈍い人たち（つまり、美醜などに関心を持たぬ人たち）は、面白くも何とも無いような顔をして、 「可愛い坊ちゃんですね」 といい加減なお世辞を言っても、まんざら空からお世辞に聞えないくらいの、謂いわば通俗の「可愛らしさ」みたいな影もその子供の笑顔に無いわけではないのだが、しかし、いささかでも、美醜に就いての訓練を経て来たひとなら、ひとめ見てすぐ、 「なんて、いやな子供だ」 と頗すこぶる不快そうに呟つぶやき、毛虫でも払いのける時のような手つきで、その写真をほうり投げるかも知れない。 まったく、その子供の笑顔は、よく見れば見るほど、何とも知れず、イヤな薄気味悪いものが感ぜられて来る。どだい、それは、笑顔でない。この子は、少しも笑ってはいないのだ。その証拠には、この子は、両方のこぶしを固く握って立っている。人間は、こぶしを固く握りながら笑えるものでは無いのである。猿だ。猿の笑顔だ。ただ、顔に醜い皺しわを寄せているだけなのである。「皺くちゃ坊ちゃん」とでも言いたくなるくらいの、まことに奇妙な、そうして、どこかけがらわしく、へんにひとをムカムカさせる表情の写真であった。私はこれまで、こんな不思議な表情の子供を見た事が、いちども無かった。,文系
二人の若い紳士しんしが、すっかりイギリスの兵隊のかたちをして、ぴかぴかする鉄砲てっぽうをかついで、白熊しろくまのような犬を二疋ひきつれて、だいぶ山奥やまおくの、木の葉のかさかさしたとこを、こんなことを云いいながら、あるいておりました。 「ぜんたい、ここらの山は怪けしからんね。鳥も獣けものも一疋も居やがらん。なんでも構わないから、早くタンタアーンと、やって見たいもんだなあ。」 「鹿しかの黄いろな横っ腹なんぞに、二三発お見舞みまいもうしたら、ずいぶん痛快だろうねえ。くるくるまわって、それからどたっと倒たおれるだろうねえ。」 それはだいぶの山奥でした。案内してきた専門の鉄砲打ちも、ちょっとまごついて、どこかへ行ってしまったくらいの山奥でした。 それに、あんまり山が物凄ものすごいので、その白熊のような犬が、二疋いっしょにめまいを起こして、しばらく吠うなって、それから泡あわを吐はいて死んでしまいました。 「じつにぼくは、二千四百円の損害だ」と一人の紳士が、その犬の眼まぶたを、ちょっとかえしてみて言いました。 「ぼくは二千八百円の損害だ。」と、もひとりが、くやしそうに、あたまをまげて言いました。 はじめの紳士は、すこし顔いろを悪くして、じっと、もひとりの紳士の、顔つきを見ながら云いました。 「ぼくはもう戻もどろうとおもう。」 「さあ、ぼくもちょうど寒くはなったし腹は空すいてきたし戻ろうとおもう。」 「そいじゃ、これで切りあげよう。なあに戻りに、昨日きのうの宿屋で、山鳥を拾円じゅうえんも買って帰ればいい。」 「兎うさぎもでていたねえ。そうすれば結局おんなじこった。では帰ろうじゃないか」 ところがどうも困ったことは、どっちへ行けば戻れるのか、いっこうに見当がつかなくなっていました。 風がどうと吹ふいてきて、草はざわざわ、木の葉はかさかさ、木はごとんごとんと鳴りました。 「どうも腹が空いた。さっきから横っ腹が痛くてたまらないんだ。」 「ぼくもそうだ。もうあんまりあるきたくないな。」 「あるきたくないよ。ああ困ったなあ、何かたべたいなあ。」 「喰たべたいもんだなあ」,文系
よだかは、実にみにくい鳥です。 顔は、ところどころ、味噌みそをつけたようにまだらで、くちばしは、ひらたくて、耳までさけています。 足は、まるでよぼよぼで、一間いっけんとも歩けません。 ほかの鳥は、もう、よだかの顔を見ただけでも、いやになってしまうという工合ぐあいでした。 たとえば、ひばりも、あまり美しい鳥ではありませんが、よだかよりは、ずっと上だと思っていましたので、夕方など、よだかにあうと、さもさもいやそうに、しんねりと目をつぶりながら、首をそっ方ぽへ向けるのでした。もっとちいさなおしゃべりの鳥などは、いつでもよだかのまっこうから悪口をしました。 「ヘン。又また出て来たね。まあ、あのざまをごらん。ほんとうに、鳥の仲間のつらよごしだよ。」 「ね、まあ、あのくちのおおきいことさ。きっと、かえるの親類か何かなんだよ。」 こんな調子です。おお、よだかでないただのたかならば、こんな生なまはんかのちいさい鳥は、もう名前を聞いただけでも、ぶるぶるふるえて、顔色を変えて、からだをちぢめて、木の葉のかげにでもかくれたでしょう。ところが夜だかは、ほんとうは鷹たかの兄弟でも親類でもありませんでした。かえって、よだかは、あの美しいかわせみや、鳥の中の宝石のような蜂はちすずめの兄さんでした。蜂すずめは花の蜜みつをたべ、かわせみはお魚を食べ、夜だかは羽虫をとってたべるのでした。それによだかには、するどい爪つめもするどいくちばしもありませんでしたから、どんなに弱い鳥でも、よだかをこわがる筈はずはなかったのです。,文系
石炭をば早はや積み果てつ。中等室の卓つくゑのほとりはいと静にて、熾熱燈しねつとうの光の晴れがましきも徒いたづらなり。今宵は夜毎にこゝに集ひ来る骨牌カルタ仲間も「ホテル」に宿りて、舟に残れるは余一人ひとりのみなれば。 五年前いつとせまへの事なりしが、平生ひごろの望足りて、洋行の官命を蒙かうむり、このセイゴンの港まで来こし頃は、目に見るもの、耳に聞くもの、一つとして新あらたならぬはなく、筆に任せて書き記しるしつる紀行文日ごとに幾千言をかなしけむ、当時の新聞に載せられて、世の人にもてはやされしかど、今日けふになりておもへば、穉をさなき思想、身の程ほど知らぬ放言、さらぬも尋常よのつねの動植金石、さては風俗などをさへ珍しげにしるしゝを、心ある人はいかにか見けむ。こたびは途に上りしとき、日記にきものせむとて買ひし冊子さつしもまだ白紙のまゝなるは、独逸ドイツにて物学びせし間まに、一種の「ニル、アドミラリイ」の気象をや養ひ得たりけむ、あらず、これには別に故あり。 げに東ひんがしに還かへる今の我は、西に航せし昔の我ならず、学問こそ猶なほ心に飽き足らぬところも多かれ、浮世のうきふしをも知りたり、人の心の頼みがたきは言ふも更なり、われとわが心さへ変り易きをも悟り得たり。きのふの是はけふの非なるわが瞬間の感触を、筆に写して誰たれにか見せむ。これや日記の成らぬ縁故なる、あらず、これには別に故あり。,文系
"量子力学においては、観察者(すなわち主体すsubject）が、観測中の物体(すなわち客体object）の状態に無視できない影響を与えてしまう場合がある。この事は、量子力学の最終理論は、観測者をも含まなくてはならない事を示唆している。それ故、「測定をしている瞬間」の「観測者」とは何かという問いが物理学で発せられる。この問いに答えるため、我々は、現象論的に「測定を行っている瞬間の観測者」を観察し, 分析を行った。その結果、観察している瞬間時には、観察者は全て、一つの共通の状態にある事がわかった。この論文では、その状態を、場の理論の真空状態になぞらえ、「測定を行っている瞬間の観測者」を「観測者の真空状態」とし観測するという行為を「観測オペレーター」として導入する。この真空状態は、物理学の研究対象になりうる「もの」が持っていなければならない普遍性、再現性などをもっている。２個のもつれた中性K 粒子の例を用いて、「観測者の真空状態」と「観測オペレーター」とがどのようにスタンダードな物理の記述法に取り入れられるかの一例を示す。",理系
光エレクトロニクスと量子物理学の出会い」というと、「今さら言わなくても、光エレクトロニクスの技術体系を構築するために、すでに量子物理学の知識は不可欠のものとして多用されてきたではないか」という声が飛んできそうである。しかしその利用は、現象説明理論の形で量子物理学の根本思想に触れることなくされてきた。すなわち、光エレクトロニクスに用いられる物質やデバイス設計に当たり、シュレディンガー方程式を解いて、欲しい物理量の期待値を求める作業をしてきたにすぎない。言い過ぎになることを覚悟の上で言うと、これではマクスウェルの式がシュレディンガー方程式に変わっただけで、量子力学の根本思想である「不確定性原理」や「観測理論」が直接光エレクトロニクスの実用化された技術体系に顔を出しているわけではない。それでは、「量子物理学の根本思想を直接利用して光エレクトロニクスの新しい潮流が始まっているのか」という問いに対しては、yesという答えになるであろう。その第一は、スクイーズド光を使った通信である。原理的には、振幅（光子数）は完全にある値に決まるが、その位相は、まったくでたらめな光は存在を許されている。こうした、光子数確定状態にある光を使って、光子数変調で通信をすると雑音がまったくない通信が可能である。しかも、こうした特殊な状態に近い光を、驚くほど簡単な方法で半導体レーザーや発光ダイオードで発生させることが最近になってわかってきた。もう一つの話は、量子暗号通信である。これは、少数個の光子から成る量子系を使って通信をする場合、量子系に対しては、測定（盗聴）を試みると量子系は必ず変化を受けるため、盗聴されたか否かが必ず判明するというものである。以上のような光を量子物理学に支配される物理現象としてみる量子光通信の場合には、信号の物理現象とそれによって運ばれる情報との間を分離して考察することは許されなくなる。この点は、古典物理学に従う信号媒体の通信とは根本的に異なる。,理系
近年、ナノ粒子を用いたイメージングを、がんのメカニズム解明や診断技術開発に応用する研究が注目されている。筆者らは、蛍光能やX線吸収能を保持した新たなナノ粒子を合成し、これらを独自の光学装置や画像解析技術と融合した定量的ナノバイオイメージングの開発を進めている。さらに、このイメージング法をがん病態の可視化に応用することで、「がんを知り、見つけ、診る」ための技術に昇華させることを目標としている。本稿では、担がんマウスのin vivo環境下において、定量的ナノバイオイメージングによって実現した「がん転移のメカニズム解析」や「微小がん検出」について紹介する。また、ヒト乳がんの術前化学療法における薬効予測診断に定量的ナノバイオイメージングを応用し、臨床で実施されている技術に比べ高確度で患者の薬効層別に成功した例を紹介する。,理系
"本節では、定量化できない利得を含むような戦略形ゲームについて議論する。定義 1 にお いては、実数値関数である利得関数𝑓𝑖を用いて、利得を𝑓𝑖(𝑠1𝑗 ,⋯,𝑠𝑛𝑗 )として定義したため、 利得は実数値しか扱えない。しかし、前節で述べた通り、「取引先との関係が良好になる」、 「組織力が強化される」等も、現実的には利得として認識できる。そこで、新たに以下の定 義 2 の通り、「狭義の利得」、「広義の利得」なるものを定義する。 定義 2 狭義の利得と広義の利得 定義 1 で定義している従来扱ってきた定量値の利得を「狭義の利得」と定義する。こ の「狭義の利得」に定量化できない利得を加えた利得を、「広義の利得」と定義する。 （当然、この広義の利得は、定量値であろうが、定量値でなかろうがどちらでも良い。） なお、広義の利得は、狭義の利得より多く存在することは定義より明らかであるが、 現実の経済活動、経営活動を考慮すると、無限6 には存在せず、有限7 であることは明ら かである。このことを考慮し、𝑘∈𝑁として、以後、広義の利得を𝑚𝑘で表し、広義の利 得の集合を𝑀 = {𝑚𝑘 ; 𝑘∈𝑁}で表すものとする8 。 この定義 2 で定義した広義の利得を、戦略形ゲームにおいて“数学的”に扱えるように、 定義 1 の戦略形ゲームを以下の定義 3 の通り、「一般化した戦略形ゲーム」として定義する。 定義 3 一般化した戦略形ゲーム 以下の通り、𝑃，𝑀，𝑔を定める。但し、𝑖，𝑘∈𝑁とする。 (1) 各プレイヤー𝑝𝑖の集合を𝑃 = {𝑝𝑖 ; 𝑖∈𝑁}とする。 (2) 広義の利得𝑚𝑘の集合を𝑀 = {𝑚𝑘 ; 𝑘∈𝑁}とする。 (3) 利得関数𝑔を、プレイヤーの集合𝑃から、広義の利得の集合𝑀への写像𝑔 ∶ 𝑃 → 𝑀, 𝑝𝑖 ↦ 𝑚𝑘として定義する。 このとき、プレイヤーが𝑛人の一般化した戦略形ゲームを次の要素の組によって定義す る。",理系
"本稿では kE Z::,.1とし，特に断りがない限りは Kを 1つ固定する. [k]で K元集合 {1,2, ... , k} を表わす. N = {O, 1, 2, ... ,}を自然数全体のなす集合とする． G を K元生成群とする．つまり，ある s1,s2,.. ,,sk E G があって {sぃ．．．，殊｝が群とし て（逆元も用いてよい） G を生成するとする．このとき，これらの元 s1,...'Bk を順序つきで S=(s1,s2,---,sk) とかいたものを —マーク Ck-marking) ということにする. k元生成 とその —マークの組 = (G; S) = (G; s1, ... , sk)を k-マークつき群 Ck-markedgroup) という •1_ ここで， s1,---,Sk の中に同じ元があってもよいし，単位元 ea があってもよい•2. つの —マークつき群 = (G;s□ 2, ... ,sk), H= (H;t1,t2, ... ,t砂の間の射（マークつき 群の準同型写像）とは，群の準同型写像¢:G→H であって，全ての iE [k]に対し， ¢(si) = ti を満たすものとする．以下の 2点に注意する． • このような写像¢ は自動的に全射群準同型¢:G → H となる．したがって，上の射 ¢: G → H をマークつき群の商写像 (markedgroup quotient map) といい，このような のが存在するとき H を G のマークつき商群 (markedgroup quotient) という． • 射を定義するときに Kマークの元の順序を用いている．",理系
"機械設計では,言語世界や概念世界での知識に基づいて設計した機械が,仕様通り動作せぬことが往々起こる.つまり,設計には,物理学・化学や機械工学として体系化された知識を検証する役目がある.一般設計学1)2)は,まず概念世界における知識の枠組を記述する公理系を設定し,それより導出される定理群が,設計知識の現実世界への写像過程を説明するものである.この考え方は,CADへの知識工学の応用3)における設計知識の記述・表現問題の解決に重要である.前報4)では我々の知識を近似した「現実的知識」を位相空間論に基づいて定式化した.その結果,既知の実体概念集合は属性位相に関してコンパクト・ハウスドルフ空間であることが分かり,またこれから幾つかの有用な定理を導出した.本研究は,この考察をさらに展開して,属性の値に関する議論,つまり属性空間の距離付け問題を扱う.さらに,一連の議論の基礎を振り返り,CADシステムのデータモデルないしメタモデル4)記述法に関する考察を行うことにする。",理系
マイクロ・ナノテクノロジーの進展により、これらの技術とバイオテクノロジーの融合による新規技術開発が進められてきた。著者は、2002年に本誌に、マイクロ・ナノバイオチップテクノロジーの解説記事を掲載した。しかし、その後のわずか3年の間にも、ナノバイオテクノロジーの研究は、予想より速く進展し、数多くの基盤技術が開発されたのみならず、実用化に向けた研究開発も急速に展開しつつある（表1）。これは、わが国のマイクロ・ナノテクノロジーの国際競争力がきわめて高いために、マイクロ・ナノとバイオの融合領域において、新たなバイオテクノロジーの開発に結実しつつあるものと考えられる。さらに、ヒト・ゲノムのシークエンスが2003年に終了し、ポストゲノムシークエンシング時代となり、バイオテクノロジー側からのナノテクノロジーを基盤とした新規技術開発への要求が、極めて高くなってきたことも原因としてあげられる。ポストゲノムシークエンシング時代には、ゲノム科学を基盤としたゲノム医療の確立を目指して、個人個人のゲノムの違いを調べるゲノム多型解析、ゲノムから遺伝子を同定し機能を調べるゲノム機能解析、遺伝産物であるたんぱく質の発現プロファイル・翻訳後修飾・相互作用・ネットワークなどを調べるプロテオーム解析などが主要な課題となる（表2）。さらに、細胞内での反応をすべてシミュレートするシステムバイオロジーの研究が開始された。これらの研究により、がんや生活習慣病などの複雑なヒト疾患に関連した遺伝子群の情報が蓄積され、疾患のメカニズム解明が進み、ゲノム科学を基盤にした疾患の新しい診断、治療、予防法の開発が進むものと考えられている（ゲノム医療）。さらに、個人の疾患感受性遺伝子や薬剤感受性遺伝子などの特徴が明らかにされ、個人個人に合わせた医療としてのオーダーメード医療が確立されるものと期待されている。また、ゲノム情報に基盤をおいた新しい創薬原理の開発も可能となる（ゲノム創薬）。しかし、ゲノム情報が一人分でも30億塩基と膨大なために、これを応用するには、膨大な情報を瞬時に取り出すための解析技術と情報処理技術の開発が必須である。,理系
「空間βとその上に働く変換群Gとが与えられたとき，月内の図形の性質のうち，Cのどの変換によっても変わらないものを研究するのが（β，C）幾何学である。」というクラインの「幾何学の定義」は周知の如く，アフィン幾何には文字通り有効であったが必ずしも全ての幾何には有効ではない。とくにリーマン空間では，一般には変換群がトリビアルになって面白くない（参照［45］）。しかし，クラインの考えをそのままの形で尊重する立場で，「最も広い（即ち一般的な）変換群は？」と聞かれれば，（ある位相空間上の）位相変換全体の作る群であり，その不変式論が位相幾何学であろう。それに微分という概念を加味してみると，可微分多様体上の微分同相変換全体の作る群を考えることになりその不変式論は微分位相幾何学であろう。これら二つの変換群は，まだ我々が問題にするには余りにも広過ぎて，それを取り扱ってみても，従来の実りの多かった色々な幾何学のようには研究,理系
谷川の岸に小さな学校がありました。 教室はたった一つでしたが生徒は三年生がないだけで、あとは一年から六年までみんなありました。運動場もテニスコートのくらいでしたが、すぐうしろは栗くりの木のあるきれいな草の山でしたし、運動場のすみにはごぼごぼつめたい水を噴ふく岩穴もあったのです。 さわやかな九月一日の朝でした。青ぞらで風がどうと鳴り、日光は運動場いっぱいでした。黒い雪袴ゆきばかまをはいた二人の一年生の子がどてをまわって運動場にはいって来て、まだほかにだれも来ていないのを見て、「ほう、おら一等だぞ。一等だぞ。」とかわるがわる叫びながら大よろこびで門をはいって来たのでしたが、ちょっと教室の中を見ますと、二人ふたりともまるでびっくりして棒立ちになり、それから顔を見合わせてぶるぶるふるえましたが、ひとりはとうとう泣き出してしまいました。というわけは、そのしんとした朝の教室のなかにどこから来たのか、まるで顔も知らないおかしな赤い髪の子供がひとり、いちばん前の机にちゃんとすわっていたのです。そしてその机といったらまったくこの泣いた子の自分の机だったのです。 もひとりの子ももう半分泣きかけていましたが、それでもむりやり目をりんと張って、そっちのほうをにらめていましたら、ちょうどそのとき、川上から、「ちょうはあ かぐり ちょうはあ かぐり。」と高く叫ぶ声がして、それからまるで大きなからすのように、嘉助かすけがかばんをかかえてわらって運動場へかけて来ました。と思ったらすぐそのあとから佐太郎さたろうだの耕助こうすけだのどやどややってきました。,文系
朝、食堂でスウプを一さじ、すっと吸ってお母さまが、「あ」 と幽かすかな叫び声をお挙げになった。「髪の毛？」 スウプに何か、イヤなものでも入っていたのかしら、と思った。「いいえ」 お母さまは、何事も無かったように、またひらりと一さじ、スウプをお口に流し込み、すましてお顔を横に向け、お勝手の窓の、満開の山桜に視線を送り、そうしてお顔を横に向けたまま、またひらりと一さじ、スウプを小さなお唇のあいだに滑り込ませた。ヒラリ、という形容は、お母さまの場合、決して誇張では無い。婦人雑誌などに出ているお食事のいただき方などとは、てんでまるで、違っていらっしゃる。弟の直治なおじがいつか、お酒を飲みながら、姉の私に向ってこう言った事がある。「爵位しゃくいがあるから、貴族だというわけにはいかないんだぜ。爵位が無くても、天爵というものを持っている立派な貴族のひともあるし、おれたちのように爵位だけは持っていても、貴族どころか、賤民せんみんにちかいのもいる。岩島なんてのは（と直治の学友の伯爵のお名前を挙げて）あんなのは、まったく、新宿の遊廓ゆうかくの客引き番頭よりも、もっとげびてる感じじゃねえか。こないだも、柳井やない（と、やはり弟の学友で、子爵の御次男のかたのお名前を挙げて）の兄貴の結婚式に、あんちきしょう、タキシイドなんか着て、なんだってまた、タキシイドなんかを着て来る必要があるんだ、それはまあいいとして、テーブルスピーチの時に、あの野郎、ゴザイマスルという不可思議な言葉をつかったのには、げっとなった。,文系
月日は百代の過客にして、行きかふ年もまた旅人なり。興味津々と嘆息すべきか、憂いを胸に過ごすべきか、わが身の行く末を思うとも、人の常なり。折り柄、老いも若きも、常に新たなる旅立ちを迎えんことを忘れずに。かくて旅の道に在り、人生の歩みを続けんことを決して怠らずに。,文系
えたいの知れない不吉ふきつな塊が私の心を始終壓へつけてゐた。焦燥と云はうか、嫌惡と云はうか――酒を飮んだあとに宿醉ふつかよひがあるやうに、酒を毎日飮んでゐると宿醉に相當した時期がやつて來る。それが來たのだ。これはちよつといけなかつた。結果した肺尖カタルや神經衰弱がいけないのではない。また脊を燒くやうな借金などがいけないのではない。いけないのはその不吉な塊だ。以前いぜん私を喜ばせたどんな美しい音樂も、どんな美しい詩の一節も辛抱がならなくなつた。蓄音器を聽かせて貰ひにわざわざ出かけて行つても、最初の二三小節で不意に立ち上つてしまひたくなる。何かが私を居堪ゐたまらずさせるのだ。それで始終私は街まちから街を浮浪し續けてゐた。 何故だか其頃私は見すぼらしくて美しいものに強くひきつけられたのを覺おぼえてゐる。風景にしても壞くづれかかつた街だとか、その街にしても他所他所よそよそしい表通よりもどこか親したしみのある、汚い洗濯物が干してあつたりがらくたが轉してあつたりむさくるしい部屋が覗いてゐたりする裏通が好きであつた。雨や風が蝕むしばんでやがて土に歸つてしまふ。と云つたやうな趣おもむきのある街で、土塀が崩くづれてゐたり家竝が傾きかかつてゐたり――勢ひのいいのは植物だけで時とすると吃驚びつくりさせるやうな向日葵ひまはりがあつたりカンナが咲いてゐたりする。,文系
「あの泥坊が羨うらやましい」二人の間にこんな言葉が交かわされる程、其頃そのころは窮迫きゅうはくしていた。 場末ばすえの貧弱な下駄屋の二階の、ただ一間しかない六畳に、一閑張りの破れ机を二つ並べて、松村武とこの私とが、変な空想ばかり逞たくましゅうして、ゴロゴロしていた頃のお話である。 もう何もかも行詰って了しまって、動きの取れなかった二人は、丁度その頃世間を騒がせた大泥坊の、巧みなやり口を羨む様な、さもしい心持こころもちになっていた。 その泥坊事件というのが、このお話の本筋に大関係を持っているので、茲ここにザッとそれをお話して置くことにする。 芝区のさる大きな電気工場の職工給料日当日の出来事であった。十数名の賃銀計算係が、一万に近い職工のタイム・カードから、夫々それぞれ一ヶ月の賃銀を計算して、山と積まれた給料袋の中へ、当日銀行から引出された、一番の支那鞄に一杯もあろうという、二十円、十円、五円などの紙幣さつを汗だくになって詰込んでいる最中に、事務所の玄関へ一人の紳士が訪れた。 受付の女が来意を尋ねると、私は朝日新聞の記者であるが、支配人に一寸ちょっとお眼にかかり度たいという。そこで女が、東京朝日新聞社会部記者と肩書のある名刺を持って、支配人にこの事を通じた。 幸さいわいなことには、この支配人は、新聞記者操縦法がうまいことを、一つの自慢にしている男であった。のみならず、新聞記者を相手に、法螺ほらを吹いたり、自分の話が何々氏談などとして、新聞に載せられたりすることは、大人気ないとは思いながら、誰しも悪い気持はしないものである。社会部記者と称する男は、寧むしろ快こころよく支配人の部屋へ請しょうじられた。,文系
魯ろの卞べんの游侠ゆうきょうの徒、仲由ちゅうゆう、字あざなは子路という者が、近頃ちかごろ賢者けんじゃの噂うわさも高い学匠がくしょう・陬人すうひと孔丘こうきゅうを辱はずかしめてくれようものと思い立った。似而非えせ賢者何程なにほどのことやあらんと、蓬頭突鬢ほうとうとつびん・垂冠すいかん・短後たんこうの衣という服装いでたちで、左手に雄※(「奚＋隹」、第3水準1-93-66)おんどり、右手に牡豚おすぶたを引提げ、勢いきおい猛もうに、孔丘が家を指して出掛でかける。※(「奚＋隹」、第3水準1-93-66)を揺ゆり豚を奮ふるい、嗷かまびすしい脣吻しんぷんの音をもって、儒家じゅかの絃歌講誦げんかこうしょうの声を擾みだそうというのである。 けたたましい動物の叫さけびと共に眼めを瞋いからして跳とび込こんで来た青年と、圜冠句履えんかんこうり緩ゆるく※(「王＋夬」、第3水準1-87-87)けつを帯びて几きに凭よった温顔の孔子との間に、問答が始まる。「汝なんじ、何をか好む？」と孔子が聞く。「我、長剣ちょうけんを好む。」と青年は昂然こうぜんとして言い放つ。 孔子は思わずニコリとした。青年の声や態度の中に、余りに稚気ちき満々たる誇負こふを見たからである。血色のいい・眉まゆの太い・眼のはっきりした・見るからに精悍せいかんそうな青年の顔には、しかし、どこか、愛すべき素直さがおのずと現れているように思われる。再び孔子が聞く。「学はすなわちいかん？」「学、豈あに、益あらんや。」もともとこれを言うのが目的なのだから、子路は勢込んで怒鳴どなるように答える。 学の権威けんいについて云々うんぬんされては微笑わらってばかりもいられない。孔子は諄々じゅんじゅんとして学の必要を説き始める。人君じんくんにして諫臣かんしんが無ければ正せいを失い、士にして教友が無ければ聴ちょうを失う。樹きも縄なわを受けて始めて直くなるのではないか。,文系
年中借金取が出はいりした。節季はむろんまるで毎日のことで、醤油屋しょうゆや、油屋、八百屋やおや、鰯屋いわしや、乾物屋かんぶつや、炭屋、米屋、家主その他、いずれも厳しい催促さいそくだった。路地の入り口で牛蒡ごぼう、蓮根れんこん、芋いも、三ツ葉、蒟蒻こんにゃく、紅生姜べにしょうが、鯣するめ、鰯など一銭天婦羅てんぷらを揚あげて商っている種吉たねきちは借金取の姿が見えると、下向いてにわかに饂飩粉うどんこをこねる真似まねした。近所の小供たちも、「おっさん、はよ牛蒡ごんぼ揚げてんかいナ」と待てしばしがなく、「よっしゃ、今揚げたアるぜ」というものの擂鉢すりばちの底をごしごしやるだけで、水洟みずばなの落ちたのも気付かなかった。 種吉では話にならぬから素通りして路地の奥おくへ行き種吉の女房にょうぼうに掛かけ合うと、女房のお辰たつは種吉とは大分違ちがって、借金取の動作に注意の目をくばった。催促の身振みぶりが余って腰こし掛けている板の間をちょっとでもたたくと、お辰はすかさず、「人さまの家の板の間たたいて、あんた、それでよろしおまんのんか」と血相かえるのだった。「そこは家の神様が宿ったはるとこだっせ」 芝居しばいのつもりだがそれでもやはり興奮するのか、声に泪なみだがまじる位であるから、相手は驚おどろいて、「無茶いいなはんナ、何も私わてはたたかしまへんぜ」とむしろ開き直り、二三度押問答おしもんどうのあげく、結局お辰はいい負けて、素手では帰せぬ羽目になり、五十銭か一円だけ身を切られる想おもいで渡わたさねばならなかった。それでも、一度だけだが、板の間のことをその場で指摘してきされると、何ともいい訳けのない困り方でいきなり平身低頭して詫わびを入れ、ほうほうの体ていで逃にげ帰った借金取があったと、きまってあとでお辰の愚痴ぐちの相手は娘むすめの蝶子ちょうこであった。,文系
日は午ごなり。あらら木ぎのたらたら坂に樹きの蔭もなし。寺の門もん、植木屋の庭、花屋の店など、坂下を挟さしはさみて町の入口にはあたれど、のぼるに従ひて、ただ畑はたばかりとなれり。番小屋めきたるもの小だかき処ところに見ゆ。谷には菜なの花はな残りたり。路みちの右左、躑躅つつじの花の紅くれないなるが、見渡す方かた、見返る方かた、いまを盛さかりなりき。ありくにつれて汗あせ少しいでぬ。 空よく晴れて一点の雲もなく、風あたたかに野面のづらを吹けり。 一人にては行ゆくことなかれと、優やさしき姉上のいひたりしを、肯きかで、しのびて来つ。おもしろきながめかな。山の上の方かたより一束ひとたばの薪たきぎをかつぎたる漢おのこおり来きたれり。,文系
かどの、御存知ごぞんじでいらっしゃいましょう。十年以前になくなった先せんの夫なのでございます。こんなに月日がたちますと、門野と口に出していって見ましても、一向いっこう他人様ひとさまの様ようで、あの出来事にしましても、何だかこう、夢ではなかったかしら、なんて思われるほどでございます。門野家へ私がお嫁入りをしましたのは、どうした御縁からでございましたかしら、申すまでもなく、お嫁入り前に、お互たがいに好き合っていたなんて、そんなみだらなのではなく、仲人なこうどが母を説ときつけて、母が又私に申し聞かせて、それを、おぼこ娘の私は、どう否いなやが申せましょう。おきまりでございますわ。畳にのの字を書きながら、ついうなずいてしまったのでございます。 でも、あの人が私の夫になる方かと思いますと、狭い町のことで、それに先方も相当の家柄なものですから、顔位は見知っていましたけれど、噂うわさによれば、何となく気むずかしい方の様だがとか、あんな綺麗きれいな方のことだから、ええ、御承知かも知れませんが、門野というのは、それはそれは、凄すごい様な美男子で、いいえ、おのろけではございません。美しいといいます中うちにも、病身なせいもあったのでございましょう、どこやら陰気で、青白く、透き通る様な、ですから、一層水際立った殿御とのごぶりだったのでございますが、それが、ただ美しい以上に、何かこう凄い感じを与えたのでございます。その様に綺麗な方のことですから、きっと外ほかに美しい娘さんもおありでしょうし、もしそうでないとしましても、私の様なこのお多福たふくが、どうまあ一生可愛がって貰もらえよう、などと色々取越とりこし苦労もしますれば、従ってお友達だとか、召使などの、その方かたの噂話にも聞き耳を立てるといった調子なのでございます。,文系
わたくしは今年の秋の初に、少しの暇を得ましたので、明治卅三年から最近までに作りました自分の詩の草稿を整理し、其中から四百廿壱篇を撰んで此の一冊にまとめました。かうしてまとめて置けば、他日わたくしの子どもたちが何かの底から見附け出し、母の生活の記録の断片として読んでくれるかも知れないくらゐに考へてゐましたのですが、幸なことに、実業之日本社の御厚意に由り、このやうに印刷して下さることになりました。 ついては、奥様、この一冊を奥様に捧げさせて頂くことを、何とぞお許し下さいまし。 奥様は久しい以前から御自身の園にお手づからお作りになつてゐる薔薇の花を、毎年春から冬へかけて、お手づからお採りになつては屡わたくしに贈つて下さいます。お女中に持たせて来て頂くばかりで無く、郊外からのお帰りに、その花のみづみづしい間にと思召して、御自身でわざわざお立寄り下さることさへ度度であるのに、わたくしは何時も何時も感激して居ます。わたくしは奥様のお優しいお心の花であり匂ひであるその薔薇の花に、この十年の間、どれだけ励まされ、どれだけ和らげられてゐるか知れません。何時も何時もかたじけないことだと喜んで居ます。 この一冊は、決して奥様のお優しいお心に酬い得るもので無く、奥様から頂くいろいろの秀れた美くしい薔薇の花に比べ得るものでも無いのですが、唯だわたくしの一生に、折にふれて心から歌ひたくて、真面目にわたくしの感動を打出したものであること、全く純個人的な、普遍性の乏しい、勝手気儘な詩ですけれども、わたくしと云ふ素人の手作りである点だけが奥様の薔薇と似てゐることに由つて、この光も香もない一冊をお受け下さいまし。,文系
東京の下町と山の手の境い目といったような、ひどく坂や崖がけの多い街がある。 表通りの繁華から折れ曲って来たものには、別天地の感じを与える。 つまり表通りや新道路の繁華な刺戟しげきに疲れた人々が、時々、刺戟を外はずして気分を転換する為めに紛まぎれ込むようなちょっとした街筋―― 福ずしの店のあるところは、この町でも一ばん低まったところで、二階建の銅張りの店構えは、三四年前表だけを造作したもので、裏の方は崖に支えられている柱の足を根つぎして古い住宅のままを使っている。 古くからある普通の鮨屋すしやだが、商売不振で、先代の持主は看板ごと家作をともよの両親に譲って、店もだんだん行き立って来た。,文系
廻れば大門おほもんの見返り柳いと長けれど、お歯ぐろ溝どぶに燈火ともしびうつる三階の騒ぎも手に取る如く、明けくれなしの車の行来ゆききにはかり知られぬ全盛をうらなひて、大音寺前だいおんじまへと名は仏くさけれど、さりとは陽気の町と住みたる人の申き、三嶋神社みしまさまの角をまがりてよりこれぞと見ゆる大厦いゑもなく、かたぶく軒端のきばの十軒長屋二十軒長や、商ひはかつふつ利きかぬ処ところとて半なかばさしたる雨戸の外に、あやしき形なりに紙を切りなして、胡粉ごふんぬりくり彩色さいしきのある田楽みるやう、裏にはりたる串くしのさまもをかし、一軒ならず二軒ならず、朝日に干して夕日にしまふ手当ことごとしく、一家内これにかかりてそれは何ぞと問ふに、知らずや霜月しもつき酉とりの日例の神社に欲深様よくふかさまのかつぎ給たまふこれぞ熊手の下ごしらへといふ、正月門松とりすつるよりかかりて、一年うち通しのそれは誠の商買人、片手わざにも夏より手足を色どりて、新年着はるぎの支度もこれをば当てぞかし、南無なむや大鳥大明神おほとりだいめうじん,文系
あなたは私のこの指環の玉が抜けておりますのがお気にかかるの、そりやアあなたのおつしやる通り、こんなにこわれたまんまではめておりますのは、あんまり見つともよくありませんから、何なりともはめかへれば、宜しいので……ですが私の為にはこの指環のこわれたのが記念でありますから、どうしてもこれをはめかへる事が出来ないのです。ああ月日の経つは誠に早いものでこの指環をこわしてから、もはや二年越になります。そのうちたびたび皆さんが、なぜそんな指環をはめてるの、あまり不似合じやアないかと、おつしやいましたが、これには実に深い子細のある事で、それが為、強ゐてそのままにはめておりますのですが、外ならぬあなたの事、いつそこの指環についての私の経歴をお話し致しませう。誠に私は、この指環を見まする毎に、腸はらわたを断ち切らるるよりもつらい思ひを致すので……ですが、これは片時も私の手を離す事は出来ません、それは何故と申せば、この指環は、実に私の為の大恩人なので、それはまた何故かと申せば、この指環が、私に幾多の苦と歎なげきとを与へてくれましたお蔭で、どうやらかうやら、私は一人前の人間にならねばならぬという奮発心を起こしましたからの事で。ですから、この指環は、いつも私の志気を鼓舞し、勇気を増すの媒なかだちとなりまして、私の為にはこの上もなき励まし手なのでございます。,文系
男「アハハハハ。このツー、レデースは。パアトナアばかりお好きで僕なんぞとおどっては。夜会に来たようなお心持が遊ばさぬというのだから。甲女「うそ。うそばかり。そうじゃござりませんけれども。あなたとおどるとやたらにお引っ張り回し遊ばすものですから……あの目がまわるようでござりますんで。そのおことわりを申し上げたのですワ。男「まだワルツがきまりませんなら願いましょうか。ときれいにかざりたるプログレムを出して名を書きつける。男「では今に」とこの男は踏舞の方へゆく。つづいてあまたの貴嬢たちは皆其方に行きたりしあとに残れる前のふたりのむすめ。甲女「あなた今のお方御ぞんじ。乙女「エーあの方は斎藤さんとおっしゃって。宅へもいらっしゃりました。甲女「オヤさようでござりましたか。わたくしはこの間おけいこの時お名をはじめてしりましたよ。もとからよくおみかけ申す方でしたが。なんですか少し軽卒なお方ねえ。そうしてお笑い声などが馬鹿に大きゅうござりまして変な方ですねえ。,文系
伝送の高速化のためにディジタル変調方式で用いられる多値化技術は，シンボル間距離の縮小により伝送の信頼性が劣化を伴う．本稿では，次元あたりのビット数を1とする条件の下でシンボル間距離を増大するために，多次元空間上にシンボルをマッピングする手法を検討する．本検討では3次元ユークリッド空間におけるシンボルの設計手法を提案し，計算機シミュレーションにより，次元あたりのビット数が1である既存の変調方式のQPSKと誤り率特性を比較することで，その性能を評価する．提案手法のうちの1つは，立方体をひねり，圧縮した図形の頂点にシンボルをマッピングする．この手法はQPSKと比較して，最小シンボル間ユークリッド距離を約$5%$増大できるため，,理系
プラズマ乱流や輸送のモデルを構築することは磁場閉じ込めプラズマの閉じ込め性能の予測や、天体プラズマの振る舞いの理解のために必要不可欠である。従来の考え方では、プラズマの分布は滑らかであり、勾配が駆動する波が乱流を励起し異常輸送が誘起されると考えられてきた。しかしながら、「輸送のtransient応答問題」始め、多くの問題が解決されていない。近年の研究から「統計的な揺動成分」が乱流の時間発展や輸送に与えるインパクトの重要性が認識され、それらを取り入れたプラズマ乱流・輸送の構築が求められている。本講演では、実空間・速度空間双方における「統計的な揺動成分」を取りいれたプラズマ乱流・輸送のモデリング例として、1.非一様なアバランチの発生の予測[1]、2.位相空間グラニュレーションによる帯状流の励起[2]と帯上流の加速とトロイダル流の加速[3]について報告する。磁場閉じ込めプラズマの熱輸送に対して、アバランチの重要性が指摘されている。アバランチの輸送への影響を論じるためには、その空間伝搬サイズ、伝搬速度、発生頻度が必要となる。近年のシミュレーション研究で、乱流の相関長の数倍から１０倍位程度伝わるアバランチが支配的であることが指摘されている。この空間サイズを規定するメカニズムとして、熱アバランチの渋滞[1]による理論が展開された。熱アバランチを記述するモデルと交通流を記述するモデルの類似性に着目し、熱アバランチ輸送束の時間遅れを導入する。時間遅れが有限になり、ある閾値を超えることで非一様なアバランチが発生することを示す。滑らかな分布に発生する統計的な凸凹の距離を予測する。,理系
"情報技術の発展とともに，ジェスチャー認識，ビデオ検索，オンライン手書き文字認識など時系列データ認識の重要性が高まっている．本研究では次のような時系列データの2クラス分類学習問題を考える．n個の時系列データからなる集合X={X1,...,Xn}が与えられたとする．ここに，Xi(1≤i≤n)は特徴ベクトルから構成される長さliの系列：Xi=(xi1,...,xili)である．時系列データのうち，最初からs個，{Xi|1≤i≤s}はラベル付データであり，クラスラベルyi∈{−1,+1}が与えられている．このとき，ラベルなしデータ{Xi|s+1≤i≤n}のクラスを推定せよ．時系列データは，データにより長さが異なるなど，固定次元のベクトルデータとは大きく異なる特性をもち，その扱いは困難である．時系列データの分類手法として，音声認識の分野で成功した隠れマルコフモデル（HiddenMarkovModel:HMM）[14],[24]など，生成モデルを用いた手法があ",理系
確率微分方程式が応用される分野は，ますます多岐にわたり，現在では数理ファイナンスにまで応用されている．しかしながら工学の分野では，若い研究者で確率微分方程式を直接取り扱う者が減っており，推定や同定問題においても離散時間システムに逃げる傾向が顕著である．これは確率論研究者の専門家以外の人間には，前提とされる基礎知識がかなり要求され，学部の授業から統計や確率論が削除される傾向にあることにも起因し，敬遠されるようである．一方入門書として書かれた“よくわかる．．．．論”は一読すれば理解したような気にさせるが，実際に応用するだけの理解は得られない場合が多い．そこで現在要求されている専門書は，入門者にはとっつきにくいかもしれないが，数学的に厳密に書かれた基礎から学べる専門書であろう．本書は，工学部の学生で何の予備知識のない者には，かなりハードな専門書であろうが，これから確率微分方程式を使った推定一制御などの応用分野を目指す研究者には，基礎から,理系
理論的には単純な原理に基づきながら，実用的に大きな効果のある高速自動微分法（FastAutomaticDifferentiation，以降FADと略す）について紹介する．．“原理が単純である”というのは，FADは合成関数の偏導関数を微分の鎖律（chain−rule）に基づいて計算する手法であるといういい方もできるからである．一方，“実用的効果が大きい”というのは，FADの基本算法のTD（Top・Down）算法によれば，n変数関数の勾配の値（n個の偏微分の値）を計算するのに，関数自身を計算するために実行する演算の回数の高々定数倍の演算回数しか要しないということである．FADは，狭い意味では，このTD算法のことであるが，広い意味では，TD算法の延長としての2階偏導関数と定数ベクトルとの積の計算法や従来の自動微分法に対応するBU（Bottom・Up）算法をも含む手法である．このような単純な原理がこのように大きな実用的効果を持つということの数値計算技術における重要性を明示的に認識し，一つの大きな方法論的柱として確立すべく，意欲的な研究・開発がここ数年来世界各地で進められている．,理系
本論文では，市販の画像処理装置で実現可能な，フレーム間差分法により初期背景画像を作成し，その初期背景画像を用いた背景差分法を基本に空間微分法を活用して車両を抽出する方法を提案する．本手法はフレーム間差分画像の論理和演算により背景領域を求めて初期背景画像を生成し，その初期背景画像をもとに路面の明るさの変化率に基づいて車両に隠された路面の輝度値を推定して動的に背景を更新し，その背景画像と入力画像から得られる背景差分画像および空間微分画像を用いて車両を抽出する手法である．予備実験において，動的背景更新により影の移動時，薄暮時においても良好な背景画像が得られた．また，雨天時の薄暮，夜間シーンの映像をもとに1組の固定したパラメータを用いて車両抽出の評価実験を行い，全体で95％以上の車両認識率および3％以下の過剰検出率を達成し，本手法の有効性を確認した．,理系
本論文では，市販の画像処理装置で実現可能な，フレーム間差分法により初期背景画像を作成し，その初期背景画像を用いた背景差分法を基本に空間微分法を活用して車両を抽出する方法を提案する．本手法はフレーム間差分画像の論理和演算により背景領域を求めて初期背景画像を生成し，その初期背景画像をもとに路面の明るさの変化率に基づいて車両に隠された路面の輝度値を推定して動的に背景を更新し，その背景画像と入力画像から得られる背景差分画像および空間微分画像を用いて車両を抽出する手法である．予備実験において，動的背景更新により影の移動時，薄暮時においても良好な背景画像が得られた．また，雨天時の薄暮，夜間シーンの映像をもとに1組の固定したパラメータを用いて車両抽出の評価実験を行い，全体で95％以上の車両認識率および3％以下の過剰検出率を達成し，本手法の有効性を確認した．,理系
"精密機器への外乱伝達を抑制するためにアクティブ除振装置が用いられる.一般に,アクチュエータとして空気ばねを,センサとして位置と加速度センサを備える.精密用途では,さらに空気ばねの内圧を検出する圧力センサを装備し,この出力に基づく圧力フィードバック(以下,フィードバックをFBと略記)が施される(1)(2)(3).筆者の一人は,文献(4)において,マイナーループとしての圧力FBの高帯域化をはかるために,相対位置の微分信号を正帰還することを提案した.目的は,圧力の管理により支持する本体構造体を変形させないこと,および傾斜補正のフィードフォワード(以下,FFと略記)を有効に機能させることである・正帰還の直接的機能は,圧力応答に生じる反共振・共振特性の解消である.これは空気ばね剛性の消去と等価である.したがって,固有振動数の低下(以降,低固有値化と称する)がはかれるため,除振装置に望まれる除振率の向上をもたらすと考えられる.",理系
数列xの級数が絶対収束するとき、これを満たすxの集合と体Ｋに対して、xの内積は0以上となり、また、内積が0ならばxは零ベクトルとなる。またxとyの内積とyとxの内積は等しい。また内積に関して線形性を有するため、総じて内積の公理を満たす。また、内積の公理が満たされることを利用して集合と体Kに関してのノルムの公理、距離の公理が満たされることも証明される。,理系
任意のイプシロンに対して、あるデルタがあってxとaの距離がデルタ未満となるようなxに対して、そのxを写した先の元とaを写した先の元との距離がイプシロンより小さくなるなら、その写像はaにおいて連続であるという。数列a_nに対して、任意にイプシロンをとる。この時、nがN以上ならばa_nとaとの距離がイプシロン未満となるようなaとNが存在するならば、a_nはaに収束するという。,理系